cards,upcard,total,soft,natural,optimal_actions,deal_probability,pre_value,post_value,pre_stand,pre_hit,pre_double,pre_split,post_stand,post_hit,post_double,post_split
"1,1",1,12,True,False,split,0.0004551661356395084,-0.23218869092216365,0.10906077977909696,-0.769427459397661,-0.32186929994955454,-0.7399627006837957,-0.23218869092216365,-0.6669507746855103,-0.020477877704912124,-0.6243905676543714,0.10906077977909696
"1,1",2,12,True,False,split,0.0004551661356395084,0.47064092333946883,0.47064092333946883,-0.29278372720927737,0.08183621605165603,-0.07156995790821606,0.47064092333946883,-0.29278372720927737,0.08183621605165603,-0.07156995790821606,0.47064092333946883
"1,1",3,12,True,False,split,0.0004551661356395084,0.5177952531222166,0.5177952531222166,-0.25225022923571355,0.10350704654207775,-0.00722809451045851,0.5177952531222166,-0.25225022923571355,0.10350704654207775,-0.00722809451045851,0.5177952531222166
"1,1",4,12,True,False,split,0.0004551661356395084,0.5660405504179759,0.5660405504179759,-0.21106310899491437,0.12659562809256975,0.05842651874374489,0.5660405504179759,-0.21106310899491437,0.12659562809256975,0.05842651874374489,0.5660405504179759
"1,1",5,12,True,False,split,0.0004551661356395084,0.6146990179090277,0.6146990179090277,-0.16719266083547535,0.15648238458465502,0.12595448524867897,0.6146990179090277,-0.16719266083547535,0.15648238458465502,0.12595448524867897,0.6146990179090277
"1,1",6,12,True,False,split,0.0004551661356395084,0.6673800949075693,0.6673800949075693,-0.15369901583000453,0.18595361333225544,0.17974820582791504,0.6673800949075693,-0.15369901583000453,0.18595361333225544,0.17974820582791504,0.6673800949075693
"1,1",7,12,True,False,split,0.0004551661356395084,0.4628889488642907,0.4628889488642907,-0.47537518327693334,0.16547293077063494,-0.1838655800163816,0.4628889488642907,-0.47537518327693334,0.16547293077063494,-0.1838655800163816,0.4628889488642907
"1,1",8,12,True,False,split,0.0004551661356395084,0.3506925908703149,0.3506925908703149,-0.5105175154976173,0.09511502092703224,-0.31444090236733896,0.3506925908703149,-0.5105175154976173,0.09511502092703224,-0.31444090236733896,0.3506925908703149
"1,1",9,12,True,False,split,0.0004551661356395084,0.22778342315245476,0.22778342315245476,-0.5431496811311094,6.57908412268582e-05,-0.4563669632837084,0.22778342315245476,-0.5431496811311094,6.57908412268582e-05,-0.4563669632837084,0.22778342315245476
"1,1",10,12,True,False,split,0.0018206645425580337,0.08894344068721177,0.17968872741114608,-0.5757818467646016,-0.14154067448427515,-0.5514109122292086,0.08894344068721177,-0.5404303339949851,-0.07000239735796475,-0.5140284882483093,0.17968872741114608
"1,2",1,13,True,False,hit,0.0009103322712790169,-0.3473671092308686,-0.05730804666681024,-0.769427459397661,-0.3473671092308686,-0.7399627006837957,,-0.6669507746855103,-0.05730804666681024,-0.6243905676543714,
"1,2",2,13,True,False,hit,0.0009103322712790169,0.046636132695309515,0.046636132695309515,-0.29278372720927737,0.046636132695309515,-0.07156995790821606,,-0.29278372720927737,0.046636132695309515,-0.07156995790821606,
"1,2",3,13,True,False,hit,0.0009103322712790169,0.07411881339274402,0.07411881339274402,-0.25225022923571355,0.07411881339274402,-0.00722809451045851,,-0.25225022923571355,0.07411881339274402,-0.00722809451045851,
"1,2",4,13,True,False,hit,0.0009103322712790169,0.10247714687203516,0.10247714687203516,-0.21106310899491437,0.10247714687203516,0.05842651874374489,,-0.21106310899491437,0.10247714687203516,0.05842651874374489,
"1,2",5,13,True,False,hit,0.0009103322712790169,0.13336273848321714,0.13336273848321714,-0.16719266083547535,0.13336273848321714,0.12595448524867897,,-0.16719266083547535,0.13336273848321714,0.12595448524867897,
"1,2",6,13,True,False,double,0.0009103322712790169,0.17974820582791504,0.17974820582791504,-0.15369901583000453,0.16169271124923687,0.17974820582791504,,-0.15369901583000453,0.16169271124923687,0.17974820582791504,
"1,2",7,13,True,False,hit,0.0009103322712790169,0.12238569517899191,0.12238569517899191,-0.47537518327693334,0.12238569517899191,-0.1838655800163816,,-0.47537518327693334,0.12238569517899191,-0.1838655800163816,
"1,2",8,13,True,False,hit,0.0009103322712790169,0.05405707019631126,0.05405707019631126,-0.5105175154976173,0.05405707019631126,-0.31444090236733896,,-0.5105175154976173,0.05405707019631126,-0.31444090236733896,
"1,2",9,13,True,False,hit,0.0009103322712790169,-0.03769468812747994,-0.03769468812747994,-0.5431496811311094,-0.03769468812747994,-0.4563669632837084,,-0.5431496811311094,-0.03769468812747994,-0.4563669632837084,
"1,2",10,13,True,False,hit,0.0036413290851160674,-0.17370894622117955,-0.10485135840627786,-0.5757818467646016,-0.17370894622117955,-0.5514109122292086,,-0.5404303339949851,-0.10485135840627786,-0.5140284882483093,
"1,3",1,14,True,False,hit,0.0009103322712790169,-0.3726822248395993,-0.09387432476831009,-0.769427459397661,-0.3726822248395993,-0.7399627006837957,,-0.6669507746855103,-0.09387432476831009,-0.6243905676543714,
"1,3",2,14,True,False,hit,0.0009103322712790169,0.022391856987839028,0.022391856987839028,-0.29278372720927737,0.022391856987839028,-0.07156995790821606,,-0.29278372720927737,0.022391856987839028,-0.07156995790821606,
"1,3",3,14,True,False,hit,0.0009103322712790169,0.05080673891928277,0.05080673891928277,-0.25225022923571355,0.05080673891928277,-0.00722809451045851,,-0.25225022923571355,0.05080673891928277,-0.00722809451045851,
"1,3",4,14,True,False,hit,0.0009103322712790169,0.08008141431011019,0.08008141431011019,-0.21106310899491437,0.08008141431011019,0.05842651874374489,,-0.21106310899491437,0.08008141431011019,0.05842651874374489,
"1,3",5,14,True,False,double,0.0009103322712790169,0.12595448524867897,0.12595448524867897,-0.16719266083547535,0.11189449567473911,0.12595448524867897,,-0.16719266083547535,0.11189449567473911,0.12595448524867897,
"1,3",6,14,True,False,double,0.0009103322712790169,0.17974820582791504,0.17974820582791504,-0.15369901583000453,0.13916473074357677,0.17974820582791504,,-0.15369901583000453,0.13916473074357677,0.17974820582791504,
"1,3",7,14,True,False,hit,0.0009103322712790169,0.07950748849446812,0.07950748849446812,-0.47537518327693334,0.07950748849446812,-0.1838655800163816,,-0.47537518327693334,0.07950748849446812,-0.1838655800163816,
"1,3",8,14,True,False,hit,0.0009103322712790169,0.013277219463208409,0.013277219463208409,-0.5105175154976173,0.013277219463208409,-0.31444090236733896,,-0.5105175154976173,0.013277219463208409,-0.31444090236733896,
"1,3",9,14,True,False,hit,0.0009103322712790169,-0.07516318944168386,-0.07516318944168386,-0.5431496811311094,-0.07516318944168386,-0.4563669632837084,,-0.5431496811311094,-0.07516318944168386,-0.4563669632837084,
"1,3",10,14,True,False,hit,0.0036413290851160674,-0.205661645085035,-0.13946678217545458,-0.5757818467646016,-0.205661645085035,-0.5514109122292086,,-0.5404303339949851,-0.13946678217545458,-0.5140284882483093,
"1,4",1,15,True,False,hit,0.0009103322712790169,-0.3977106550081497,-0.1300265016784385,-0.769427459397661,-0.3977106550081497,-0.7399627006837957,,-0.6669507746855103,-0.1300265016784385,-0.6243905676543714,
"1,4",2,15,True,False,hit,0.0009103322712790169,-0.00012068474052642708,-0.00012068474052642708,-0.29278372720927737,-0.00012068474052642708,-0.07156995790821606,,-0.29278372720927737,-0.00012068474052642708,-0.07156995790821606,
"1,4",3,15,True,False,hit,0.0009103322712790169,0.029159812622497318,0.029159812622497318,-0.25225022923571355,0.029159812622497318,-0.00722809451045851,,-0.25225022923571355,0.029159812622497318,-0.00722809451045851,
"1,4",4,15,True,False,hit,0.0009103322712790169,0.05928537693117987,0.05928537693117987,-0.21106310899491437,0.05928537693117987,0.05842651874374489,,-0.21106310899491437,0.05928537693117987,0.05842651874374489,
"1,4",5,15,True,False,double,0.0009103322712790169,0.12595448524867897,0.12595448524867897,-0.16719266083547535,0.09195969878115236,0.12595448524867897,,-0.16719266083547535,0.09195969878115236,0.12595448524867897,
"1,4",6,15,True,False,double,0.0009103322712790169,0.17974820582791504,0.17974820582791504,-0.15369901583000453,0.11824589170260667,0.17974820582791504,,-0.15369901583000453,0.11824589170260667,0.17974820582791504,
"1,4",7,15,True,False,hit,0.0009103322712790169,0.0370282822792692,0.0370282822792692,-0.47537518327693334,0.0370282822792692,-0.1838655800163816,,-0.47537518327693334,0.0370282822792692,-0.1838655800163816,
"1,4",8,15,True,False,hit,0.0009103322712790169,-0.02705478050290174,-0.02705478050290174,-0.5105175154976173,-0.02705478050290174,-0.31444090236733896,,-0.5105175154976173,-0.02705478050290174,-0.31444090236733896,
"1,4",9,15,True,False,hit,0.0009103322712790169,-0.11218876868994293,-0.11218876868994293,-0.5431496811311094,-0.11218876868994293,-0.4563669632837084,,-0.5431496811311094,-0.11218876868994293,-0.4563669632837084,
"1,4",10,15,True,False,hit,0.0036413290851160674,-0.2372654433651704,-0.17370423031226792,-0.5757818467646016,-0.2372654433651704,-0.5514109122292086,,-0.5404303339949851,-0.17370423031226792,-0.5140284882483093,
"1,5",1,16,True,False,hit,0.0009103322712790169,-0.42236419604629705,-0.16563717206687348,-0.769427459397661,-0.42236419604629705,-0.7399627006837957,,-0.6669507746855103,-0.16563717206687348,-0.6243905676543714,
"1,5",2,16,True,False,hit,0.0009103322712790169,-0.021025187774008636,-0.021025187774008636,-0.29278372720927737,-0.021025187774008636,-0.07156995790821606,,-0.29278372720927737,-0.021025187774008636,-0.07156995790821606,
"1,5",3,16,True,False,hit,0.0009103322712790169,0.009059095346910828,0.009059095346910828,-0.25225022923571355,0.009059095346910828,-0.00722809451045851,,-0.25225022923571355,0.009059095346910828,-0.00722809451045851,
"1,5",4,16,True,False,double,0.0009103322712790169,0.05842651874374489,0.05842651874374489,-0.21106310899491437,0.03997477079360171,0.05842651874374489,,-0.21106310899491437,0.03997477079360171,0.05842651874374489,
"1,5",5,16,True,False,double,0.0009103322712790169,0.12595448524867897,0.12595448524867897,-0.16719266083547535,0.07344881595139324,0.12595448524867897,,-0.16719266083547535,0.07344881595139324,0.12595448524867897,
"1,5",6,16,True,False,double,0.0009103322712790169,0.17974820582791504,0.17974820582791504,-0.15369901583000453,0.0988212554502773,0.17974820582791504,,-0.15369901583000453,0.0988212554502773,0.17974820582791504,
"1,5",7,16,True,False,hit,0.0009103322712790169,-0.004890157173015932,-0.004890157173015932,-0.47537518327693334,-0.004890157173015932,-0.1838655800163816,,-0.47537518327693334,-0.004890157173015932,-0.1838655800163816,
"1,5",8,16,True,False,hit,0.0009103322712790169,-0.06679484792009416,-0.06679484792009416,-0.5105175154976173,-0.06679484792009416,-0.31444090236733896,,-0.5105175154976173,-0.06679484792009416,-0.31444090236733896,
"1,5",9,16,True,False,hit,0.0009103322712790169,-0.14864353463007476,-0.14864353463007476,-0.5431496811311094,-0.14864353463007476,-0.4563669632837084,,-0.5431496811311094,-0.14864353463007476,-0.4563669632837084,
"1,5",10,16,True,False,hit,0.0036413290851160674,-0.268407160028322,-0.20744109003068212,-0.5757818467646016,-0.268407160028322,-0.5514109122292086,,-0.5404303339949851,-0.20744109003068212,-0.5140284882483093,
"1,6",1,17,True,False,hit,0.0009103322712790169,-0.43200956370244276,-0.17956936979241733,-0.6386385596117411,-0.43200956370244276,-0.6795985930902941,,-0.4780334749947371,-0.17956936979241733,-0.5371979677970915,
"1,6",2,17,True,False,hit,0.0009103322712790169,-0.0004910435828891727,-0.0004910435828891727,-0.15297458768154204,-0.0004910435828891727,-0.007042662741569001,,-0.15297458768154204,-0.0004910435828891727,-0.007042662741569001,
"1,6",3,17,True,False,double,0.0009103322712790169,0.05509528447929838,0.05509528447929838,-0.11721624142457363,0.028975282965620495,0.05509528447929838,,-0.11721624142457363,0.028975282965620495,0.05509528447929838,
"1,6",4,17,True,False,double,0.0009103322712790169,0.11865255067432869,0.11865255067432869,-0.08057337314531614,0.05932627533716434,0.11865255067432869,,-0.08057337314531614,0.05932627533716434,0.11865255067432869,
"1,6",5,17,True,False,double,0.0009103322712790169,0.18237815537354857,0.18237815537354857,-0.04494137556492456,0.09118907768677428,0.18237815537354857,,-0.04494137556492456,0.09118907768677428,0.18237815537354857,
"1,6",6,17,True,False,double,0.0009103322712790169,0.256104287290998,0.256104287290998,0.011739160673341858,0.128052143645499,0.256104287290998,,0.011739160673341858,0.128052143645499,0.256104287290998,
"1,6",7,17,True,False,hit,0.0009103322712790169,0.0538234637161166,0.0538234637161166,-0.10680898948269474,0.0538234637161166,-0.013758105957502233,,-0.10680898948269474,0.0538234637161166,-0.013758105957502233,
"1,6",8,17,True,False,hit,0.0009103322712790169,-0.07291539872964217,-0.07291539872964217,-0.3819509710484473,-0.07291539872964217,-0.2551024972369528,,-0.3819509710484473,-0.07291539872964217,-0.2551024972369528,
"1,6",9,17,True,False,hit,0.0009103322712790169,-0.14978689218213329,-0.14978689218213329,-0.4231542396452174,-0.14978689218213329,-0.40098445182868137,,-0.4231542396452174,-0.14978689218213329,-0.40098445182868137,
"1,6",10,17,True,False,hit,0.0036413290851160674,-0.2586464396002782,-0.19686697623363475,-0.4643575082419876,-0.2586464396002782,-0.4999842944495405,,-0.4197206339288199,-0.19686697623363475,-0.45831631898700226,
"1,7",1,18,True,False,hit,0.0009103322712790169,-0.37203226353258123,-0.09293549176928402,-0.3770607600399012,-0.37203226353258123,-0.5588703779032911,,-0.10019887561319059,-0.09293549176928402,-0.36281276808253154,
"1,7",2,18,True,False,stand,0.0009103322712790169,0.12174190222088768,0.12174190222088768,0.12174190222088768,0.0629050694715177,0.11974956336724472,,0.12174190222088768,0.0629050694715177,0.11974956336724472,
"1,7",3,18,True,False,double,0.0009103322712790169,0.1776412756789375,0.1776412756789375,0.14830007284131116,0.09024827856544006,0.1776412756789375,,0.14830007284131116,0.09024827856544006,0.1776412756789375,
"1,7",4,18,True,False,double,0.0009103322712790169,0.2370038477556216,0.2370038477556216,0.17585443719748522,0.1185019238778108,0.2370038477556216,,0.17585443719748522,0.1185019238778108,0.2370038477556216,
"1,7",5,18,True,False,double,0.0009103322712790169,0.29522549562328776,0.29522549562328776,0.19956119497617703,0.14761274781164388,0.29522549562328776,,0.19956119497617703,0.14761274781164388,0.29522549562328776,
"1,7",6,18,True,False,double,0.0009103322712790169,0.38150648207879334,0.38150648207879334,0.2834439160468985,0.19075324103939667,0.38150648207879334,,0.2834439160468985,0.19075324103939667,0.38150648207879334,
"1,7",7,18,True,False,stand,0.0009103322712790169,0.39955416733655175,0.39955416733655175,0.39955416733655175,0.17067649990517347,0.21994796642061154,,0.39955416733655175,0.17067649990517347,0.21994796642061154,
"1,7",8,18,True,False,stand,0.0009103322712790169,0.10595134861912354,0.10595134861912354,0.10595134861912354,0.03967744427056648,-0.029916811236535494,,0.10595134861912354,0.03967744427056648,-0.029916811236535494,
"1,7",9,18,True,False,hit,0.0009103322712790169,-0.10074430758041528,-0.10074430758041528,-0.18316335667343342,-0.10074430758041528,-0.2902194289186272,,-0.18316335667343342,-0.10074430758041528,-0.2902194289186272,
"1,7",10,18,True,False,hit,0.0036413290851160674,-0.20966903677604948,-0.14380812317405361,-0.2415088311967596,-0.20966903677604948,-0.3971310588902045,,-0.17830123379648957,-0.14380812317405361,-0.34689198046438824,
"1,8",1,19,True,False,stand,0.0009103322712790169,-0.11548296046806128,0.27763572376835594,-0.11548296046806128,-0.31166815593907976,-0.43814216271628803,,0.27763572376835594,-0.005742891912004059,-0.18842756836797162,
"1,8",2,19,True,False,stand,0.0009103322712790169,0.3863046860205899,0.3863046860205899,0.3863046860205899,0.12395801957914128,0.2418554635824919,,0.3863046860205899,0.12395801957914128,0.2418554635824919,
"1,8",3,19,True,False,stand,0.0009103322712790169,0.40436293659776,0.40436293659776,0.40436293659776,0.1493397086630821,0.29582413587422157,,0.40436293659776,0.1493397086630821,0.29582413587422157,
"1,8",4,19,True,False,stand,0.0009103322712790169,0.4231789248274964,0.4231789248274964,0.4231789248274964,0.17557680563858263,0.35115361127716527,,0.4231789248274964,0.17557680563858263,0.35115361127716527,
"1,8",5,19,True,False,stand,0.0009103322712790169,0.43951210416088354,0.43951210416088354,0.43951210416088354,0.20298603454657616,0.4059720690931523,,0.43951210416088354,0.20298603454657616,0.4059720690931523,
"1,8",6,19,True,False,stand,0.0009103322712790169,0.4959770737873191,0.4959770737873191,0.4959770737873191,0.23979935436410912,0.47959870872821825,,0.4959770737873191,0.23979935436410912,0.47959870872821825,
"1,8",7,19,True,False,stand,0.0009103322712790169,0.6159764957534314,0.6159764957534314,0.6159764957534314,0.22062011415522262,0.31983519492070983,,0.6159764957534314,0.22062011415522262,0.31983519492070983,
"1,8",8,19,True,False,stand,0.0009103322712790169,0.5938536682866943,0.5938536682866943,0.5938536682866943,0.15227028727077513,0.1952688747638818,,0.5938536682866943,0.15227028727077513,0.1952688747638818,
"1,8",9,19,True,False,stand,0.0009103322712790169,0.28759675706758137,0.28759675706758137,0.28759675706758137,0.007892641744434286,-0.07294553026892804,,0.28759675706758137,0.007892641744434286,-0.07294553026892804,
"1,8",10,19,True,False,stand,0.0036413290851160674,-0.01866015415153158,0.06311816633584079,-0.01866015415153158,-0.15824241899638147,-0.2942778233308685,,0.06311816633584079,-0.08809595391274659,-0.23546764194177422,
"1,9",1,20,True,False,stand,0.0009103322712790169,0.14609483910377863,0.6554703231499024,0.14609483910377863,-0.25130404834557823,-0.31741394752928503,,0.6554703231499024,0.08144970794527591,-0.01404236865341169,
"1,9",2,20,True,False,stand,0.0009103322712790169,0.6399865752168388,0.6399865752168388,0.6399865752168388,0.18249999400904487,0.3589394124422991,,0.6399865752168388,0.18249999400904487,0.3589394124422991,
"1,9",3,20,True,False,stand,0.0009103322712790169,0.6502720942514814,0.6502720942514814,0.6502720942514814,0.20608797581394087,0.40932067017593915,,0.6502720942514814,0.20608797581394087,0.40932067017593915,
"1,9",4,20,True,False,stand,0.0009103322712790169,0.6610499619480716,0.6610499619480716,0.6610499619480716,0.23047012189717692,0.46094024379435383,,0.6610499619480716,0.23047012189717692,0.46094024379435383,
"1,9",5,20,True,False,stand,0.0009103322712790169,0.6703596906327999,0.6703596906327999,0.6703596906327999,0.25625855450163376,0.5125171090032675,,0.6703596906327999,0.25625855450163376,0.5125171090032675,
"1,9",6,20,True,False,stand,0.0009103322712790169,0.7039585701713446,0.7039585701713446,0.7039585701713446,0.28779508429888423,0.5755901685977685,,0.7039585701713446,0.28779508429888423,0.5755901685977685,
"1,9",7,20,True,False,stand,0.0009103322712790169,0.7732272265371749,0.7732272265371749,0.7732272265371749,0.2569087443360865,0.39241245528243757,,0.7732272265371749,0.2569087443360865,0.39241245528243757,
"1,9",8,20,True,False,stand,0.0009103322712790169,0.7918151595518983,0.7918151595518983,0.7918151595518983,0.19795370833197604,0.2866357168862836,,0.7918151595518983,0.19795370833197604,0.2866357168862836,
"1,9",9,20,True,False,stand,0.0009103322712790169,0.7583568708085962,0.7583568708085962,0.7583568708085962,0.11652959106928386,0.1443283683807711,,0.7583568708085962,0.11652959106928386,0.1443283683807711,
"1,9",10,20,True,False,stand,0.0036413290851160674,0.4349577536629272,0.5545375664681711,0.4349577536629272,-0.05356136334689098,-0.08491571203188754,,0.5545375664681711,0.0253085230408681,-0.008658688034544837,
"1,10",1,21,True,True,natural,0.0036413290851160674,1.0384615384615385,1.5,,,,,,,,
"1,10",2,21,True,True,natural,0.0036413290851160674,1.5,1.5,,,,,,,,
"1,10",3,21,True,True,natural,0.0036413290851160674,1.5,1.5,,,,,,,,
"1,10",4,21,True,True,natural,0.0036413290851160674,1.5,1.5,,,,,,,,
"1,10",5,21,True,True,natural,0.0036413290851160674,1.5,1.5,,,,,,,,
"1,10",6,21,True,True,natural,0.0036413290851160674,1.5,1.5,,,,,,,,
"1,10",7,21,True,True,natural,0.0036413290851160674,1.5,1.5,,,,,,,,
"1,10",8,21,True,True,natural,0.0036413290851160674,1.5,1.5,,,,,,,,
"1,10",9,21,True,True,natural,0.0036413290851160674,1.5,1.5,,,,,,,,
"1,10",10,21,True,True,natural,0.01456531634046427,1.3846153846153846,1.5,,,,,,,,
"2,2",1,4,False,False,hit,0.0004551661356395084,-0.48289945766424447,-0.2530769944039087,-0.769427459397661,-0.48289945766424447,-1.2311626111030143,-0.5892589458984683,-0.6669507746855103,-0.2530769944039087,-1.3339015493710207,-0.4067073662977875
"2,2",2,4,False,False,split,0.0004551661356395084,-0.08888724089711467,-0.08888724089711467,-0.29278372720927737,-0.1149133276189214,-0.5855674544185547,-0.08888724089711467,-0.29278372720927737,-0.1149133276189214,-0.5855674544185547,-0.08888724089711467
"2,2",3,4,False,False,split,0.0004551661356395084,-0.025616130479246425,-0.025616130479246425,-0.25225022923571355,-0.0826133142997444,-0.5045004584714271,-0.025616130479246425,-0.25225022923571355,-0.0826133142997444,-0.5045004584714271,-0.025616130479246425
"2,2",4,4,False,False,split,0.0004551661356395084,0.04294662956876883,0.04294662956876883,-0.21106310899491437,-0.049367420106916936,-0.42212621798982874,0.04294662956876883,-0.21106310899491437,-0.049367420106916936,-0.42212621798982874,0.04294662956876883
"2,2",5,4,False,False,split,0.0004551661356395084,0.12724982334843862,0.12724982334843862,-0.16719266083547535,-0.012379926519926506,-0.3343853216709507,0.12724982334843862,-0.16719266083547535,-0.012379926519926506,-0.3343853216709507,0.12724982334843862
"2,2",6,4,False,False,split,0.0004551661356395084,0.19477859816579243,0.19477859816579243,-0.15369901583000453,0.011130417280979762,-0.30739803166000906,0.19477859816579243,-0.15369901583000453,0.011130417280979762,-0.30739803166000906,0.19477859816579243
"2,2",7,4,False,False,split,0.0004551661356395084,-0.007399324492704782,-0.007399324492704782,-0.47537518327693334,-0.08827920105846375,-0.9507503665538667,-0.007399324492704782,-0.47537518327693334,-0.08827920105846375,-0.9507503665538667,-0.007399324492704782
"2,2",8,4,False,False,hit,0.0004551661356395084,-0.15933415266020517,-0.15933415266020517,-0.5105175154976173,-0.15933415266020517,-1.0210350309952345,-0.17410923184246518,-0.5105175154976173,-0.15933415266020517,-1.0210350309952345,-0.17410923184246518
"2,2",9,4,False,False,hit,0.0004551661356395084,-0.24066617915336547,-0.24066617915336547,-0.5431496811311094,-0.24066617915336547,-1.0862993622622188,-0.36512119656719894,-0.5431496811311094,-0.24066617915336547,-1.0862993622622188,-0.36512119656719894
"2,2",10,4,False,False,hit,0.0018206645425580337,-0.3438749979867771,-0.2891979144856752,-0.5757818467646016,-0.3438749979867771,-1.0746406166061264,-0.5151386415718676,-0.5404303339949851,-0.2891979144856752,-1.0808606679899702,-0.47473352836952326
"2,3",1,5,False,False,hit,0.0009103322712790169,-0.5005516444589521,-0.2785745975518197,-0.769427459397661,-0.5005516444589521,-1.2311626111030143,,-0.6669507746855103,-0.2785745975518197,-1.3339015493710207,
"2,3",2,5,False,False,hit,0.0009103322712790169,-0.1282155670637475,-0.1282155670637475,-0.29278372720927737,-0.1282155670637475,-0.5855674544185547,,-0.29278372720927737,-0.1282155670637475,-0.5855674544185547,
"2,3",3,5,False,False,hit,0.0009103322712790169,-0.09531022726148991,-0.09531022726148991,-0.25225022923571355,-0.09531022726148991,-0.5045004584714271,,-0.25225022923571355,-0.09531022726148991,-0.5045004584714271,
"2,3",4,5,False,False,hit,0.0009103322712790169,-0.06147946419969426,-0.06147946419969426,-0.21106310899491437,-0.06147946419969426,-0.42212621798982874,,-0.21106310899491437,-0.06147946419969426,-0.42212621798982874,
"2,3",5,5,False,False,hit,0.0009103322712790169,-0.02397897039185975,-0.02397897039185975,-0.16719266083547535,-0.02397897039185975,-0.3343853216709507,,-0.16719266083547535,-0.02397897039185975,-0.3343853216709507,
"2,3",6,5,False,False,hit,0.0009103322712790169,-0.0011863378384402046,-0.0011863378384402046,-0.15369901583000453,-0.0011863378384402046,-0.30739803166000906,,-0.15369901583000453,-0.0011863378384402046,-0.30739803166000906,
"2,3",7,5,False,False,hit,0.0009103322712790169,-0.11944744188414855,-0.11944744188414855,-0.47537518327693334,-0.11944744188414855,-0.9507503665538667,,-0.47537518327693334,-0.11944744188414855,-0.9507503665538667,
"2,3",8,5,False,False,hit,0.0009103322712790169,-0.18809330390318527,-0.18809330390318527,-0.5105175154976173,-0.18809330390318527,-1.0210350309952345,,-0.5105175154976173,-0.18809330390318527,-1.0210350309952345,
"2,3",9,5,False,False,hit,0.0009103322712790169,-0.26661505335795904,-0.26661505335795904,-0.5431496811311094,-0.26661505335795904,-1.0862993622622188,,-0.5431496811311094,-0.26661505335795904,-1.0862993622622188,
"2,3",10,5,False,False,hit,0.0036413290851160674,-0.36622613233689644,-0.3134116433649711,-0.5757818467646016,-0.36622613233689644,-1.0746406166061264,,-0.5404303339949851,-0.3134116433649711,-1.0808606679899702,
"2,4",1,6,False,False,hit,0.0009103322712790169,-0.5182553599062534,-0.30414663097569933,-0.769427459397661,-0.5182553599062534,-1.2110412419051806,,-0.6669507746855103,-0.30414663097569933,-1.304837349418594,
"2,4",2,6,False,False,hit,0.0009103322712790169,-0.14075911746001993,-0.14075911746001993,-0.29278372720927737,-0.14075911746001993,-0.5640583560296724,,-0.29278372720927737,-0.14075911746001993,-0.5640583560296724,
"2,4",3,6,False,False,hit,0.0009103322712790169,-0.1072910780086084,-0.1072910780086084,-0.25225022923571355,-0.1072910780086084,-0.48372599880817485,,-0.25225022923571355,-0.1072910780086084,-0.48372599880817485,
"2,4",4,6,False,False,hit,0.0009103322712790169,-0.07291714192638732,-0.07291714192638732,-0.21106310899491437,-0.07291714192638732,-0.40205087401296746,,-0.21106310899491437,-0.07291714192638732,-0.40205087401296746,
"2,4",5,6,False,False,hit,0.0009103322712790169,-0.03491597333010231,-0.03491597333010231,-0.16719266083547535,-0.03491597333010231,-0.3155774316293275,,-0.16719266083547535,-0.03491597333010231,-0.3155774316293275,
"2,4",6,6,False,False,hit,0.0009103322712790169,-0.013005835529874334,-0.013005835529874334,-0.15369901583000453,-0.013005835529874334,-0.28194600450564805,,-0.15369901583000453,-0.013005835529874334,-0.28194600450564805,
"2,4",7,6,False,False,hit,0.0009103322712790169,-0.1519327072366995,-0.1519327072366995,-0.47537518327693334,-0.1519327072366995,-0.894047875200907,,-0.47537518327693334,-0.1519327072366995,-0.894047875200907,
"2,4",8,6,False,False,hit,0.0009103322712790169,-0.2172418813207848,-0.2172418813207848,-0.5105175154976173,-0.2172418813207848,-1.0012555626184392,,-0.5105175154976173,-0.2172418813207848,-1.0012555626184392,
"2,4",9,6,False,False,hit,0.0009103322712790169,-0.29264070019772603,-0.29264070019772603,-0.5431496811311094,-0.29264070019772603,-1.0678385251105431,,-0.5431496811311094,-0.29264070019772603,-1.0678385251105431,
"2,4",10,6,False,False,hit,0.0036413290851160674,-0.3886917911185306,-0.33774944037840815,-0.5757818467646016,-0.3886917911185306,-1.0574984106795704,,-0.5404303339949851,-0.33774944037840815,-1.0622899449028678,
"2,5",1,7,False,False,hit,0.0009103322712790169,-0.5223572963834411,-0.310071650331637,-0.769427459397661,-0.5223572963834411,-1.0903130267181775,,-0.6669507746855103,-0.310071650331637,-1.130452149704034,
"2,5",2,7,False,False,hit,0.0009103322712790169,-0.10918342786661638,-0.10918342786661638,-0.29278372720927737,-0.10918342786661638,-0.43575788710453833,,-0.29278372720927737,-0.10918342786661638,-0.43575788710453833,
"2,5",3,7,False,False,hit,0.0009103322712790169,-0.07658298190446361,-0.07658298190446361,-0.25225022923571355,-0.07658298190446361,-0.3597794964219526,,-0.25225022923571355,-0.07658298190446361,-0.3597794964219526,
"2,5",4,7,False,False,hit,0.0009103322712790169,-0.04302179400434189,-0.04302179400434189,-0.21106310899491437,-0.04302179400434189,-0.2822990657450914,,-0.21106310899491437,-0.04302179400434189,-0.2822990657450914,
"2,5",5,7,False,False,hit,0.0009103322712790169,-0.007271360902941012,-0.007271360902941012,-0.16719266083547535,-0.007271360902941012,-0.2027300913795883,,-0.16719266083547535,-0.007271360902941012,-0.2027300913795883,
"2,5",6,7,False,False,hit,0.0009103322712790169,0.029185342353860846,0.029185342353860846,-0.15369901583000453,0.029185342353860846,-0.13833716429227233,,-0.15369901583000453,0.029185342353860846,-0.13833716429227233,
"2,5",7,7,False,False,hit,0.0009103322712790169,-0.06880779958042782,-0.06880779958042782,-0.47537518327693334,-0.06880779958042782,-0.5893358856630299,,-0.47537518327693334,-0.06880779958042782,-0.5893358856630299,
"2,5",8,7,False,False,hit,0.0009103322712790169,-0.21060476872434974,-0.21060476872434974,-0.5105175154976173,-0.21060476872434974,-0.8470757937777852,,-0.5105175154976173,-0.21060476872434974,-0.8470757937777852,
"2,5",9,7,False,False,hit,0.0009103322712790169,-0.2853654404868766,-0.2853654404868766,-0.5431496811311094,-0.2853654404868766,-0.957073502200489,,-0.5431496811311094,-0.2853654404868766,-0.957073502200489,
"2,5",10,7,False,False,hit,0.0036413290851160674,-0.3714351920600048,-0.31905479139833853,-0.5757818467646016,-0.3714351920600048,-0.9546451751202343,,-0.5404303339949851,-0.31905479139833853,-0.9508656063802539,
"2,6",1,8,False,False,hit,0.0009103322712790169,-0.4440968688590363,-0.19702881057416358,-0.769427459397661,-0.4440968688590363,-0.8689779655420052,,-0.6669507746855103,-0.19702881057416358,-0.810745950227341,
"2,6",2,8,False,False,hit,0.0009103322712790169,-0.02179818800880571,-0.02179818800880571,-0.29278372720927737,-0.02179818800880571,-0.20449052049882196,,-0.29278372720927737,-0.02179818800880571,-0.20449052049882196,
"2,6",3,8,False,False,hit,0.0009103322712790169,0.008005262530654663,0.008005262530654663,-0.25225022923571355,0.008005262530654663,-0.13621609509408678,,-0.25225022923571355,0.008005262530654663,-0.13621609509408678,
"2,6",4,8,False,False,hit,0.0009103322712790169,0.03878447327720879,0.03878447327720879,-0.21106310899491437,0.03878447327720879,-0.06637207115265836,,-0.21106310899491437,0.03878447327720879,-0.06637207115265836,
"2,6",5,8,False,False,hit,0.0009103322712790169,0.07080463598303369,0.07080463598303369,-0.16719266083547535,0.07080463598303369,0.003456443484975325,,-0.16719266083547535,0.07080463598303369,0.003456443484975325,
"2,6",6,8,False,False,hit,0.0009103322712790169,0.11496015009622318,0.11496015009622318,-0.15369901583000453,0.11496015009622318,0.08701519812895744,,-0.15369901583000453,0.11496015009622318,0.08701519812895744,
"2,6",7,8,False,False,hit,0.0009103322712790169,0.08220743936374282,0.08220743936374282,-0.47537518327693334,0.08220743936374282,-0.1877295549725523,,-0.47537518327693334,0.08220743936374282,-0.1877295549725523,
"2,6",8,8,False,False,hit,0.0009103322712790169,-0.05989827565865634,-0.05989827565865634,-0.5105175154976173,-0.05989827565865634,-0.4519868487336276,,-0.5105175154976173,-0.05989827565865634,-0.4519868487336276,
"2,6",9,8,False,False,hit,0.0009103322712790169,-0.21018633199821765,-0.21018633199821765,-0.5431496811311094,-0.21018633199821765,-0.7185013349521747,,-0.5431496811311094,-0.21018633199821765,-0.7185013349521747,
"2,6",10,8,False,False,hit,0.0036413290851160674,-0.3071154589723163,-0.24937508055334265,-0.5757818467646016,-0.3071154589723163,-0.7660809099281183,,-0.5404303339949851,-0.24937508055334265,-0.7465876524221282,
"2,7",1,9,False,False,hit,0.0009103322712790169,-0.35316361607712277,-0.06568077877806619,-0.769427459397661,-0.35316361607712277,-0.6074001659701653,,-0.6669507746855103,-0.06568077877806619,-0.4329113508457944,
"2,7",2,9,False,False,hit,0.0009103322712790169,0.0744460375763405,0.0744460375763405,-0.29278372720927737,0.0744460375763405,0.061118503166596935,,-0.29278372720927737,0.0744460375763405,0.061118503166596935,
"2,7",3,9,False,False,double,0.0009103322712790169,0.12081635332999653,0.12081635332999653,-0.25225022923571355,0.10126470173887674,0.12081635332999653,,-0.25225022923571355,0.10126470173887674,0.12081635332999653,
"2,7",4,9,False,False,double,0.0009103322712790169,0.1819489340524216,0.1819489340524216,-0.21106310899491437,0.12898088119574175,0.1819489340524216,,-0.21106310899491437,0.12898088119574175,0.1819489340524216,
"2,7",5,9,False,False,double,0.0009103322712790169,0.24305722487303605,0.24305722487303605,-0.16719266083547535,0.1580318562665172,0.24305722487303605,,-0.16719266083547535,0.1580318562665172,0.24305722487303605,
"2,7",6,9,False,False,double,0.0009103322712790169,0.3170547457016668,0.3170547457016668,-0.15369901583000453,0.19601883925727873,0.3170547457016668,,-0.15369901583000453,0.19601883925727873,0.3170547457016668,
"2,7",7,9,False,False,hit,0.0009103322712790169,0.1718678599369526,0.1718678599369526,-0.47537518327693334,0.1718678599369526,0.10425035196048571,,-0.47537518327693334,0.1718678599369526,0.10425035196048571,
"2,7",8,9,False,False,hit,0.0009103322712790169,0.09837621743539247,0.09837621743539247,-0.5105175154976173,0.09837621743539247,-0.02644228964866949,,-0.5105175154976173,0.09837621743539247,-0.02644228964866949,
"2,7",9,9,False,False,hit,0.0009103322712790169,-0.052178053462651745,-0.052178053462651745,-0.5431496811311094,-0.052178053462651745,-0.3009956590809824,,-0.5431496811311094,-0.052178053462651745,-0.3009956590809824,
"2,7",10,9,False,False,hit,0.0036413290851160674,-0.21811044757650844,-0.1529529848745508,-0.5757818467646016,-0.21811044757650844,-0.5077292743030086,,-0.5404303339949851,-0.1529529848745508,-0.46670671382825935,
"2,8",1,10,False,False,hit,0.0009103322712790169,-0.25130404834557823,0.08144970794527591,-0.769427459397661,-0.25130404834557823,-0.31741394752928503,,-0.6669507746855103,0.08144970794527591,-0.01404236865341169,
"2,8",2,10,False,False,double,0.0009103322712790169,0.3589394124422991,0.3589394124422991,-0.29278372720927737,0.18249999400904487,0.3589394124422991,,-0.29278372720927737,0.18249999400904487,0.3589394124422991,
"2,8",3,10,False,False,double,0.0009103322712790169,0.40932067017593915,0.40932067017593915,-0.25225022923571355,0.20608797581394087,0.40932067017593915,,-0.25225022923571355,0.20608797581394087,0.40932067017593915,
"2,8",4,10,False,False,double,0.0009103322712790169,0.46094024379435383,0.46094024379435383,-0.21106310899491437,0.23047012189717692,0.46094024379435383,,-0.21106310899491437,0.23047012189717692,0.46094024379435383,
"2,8",5,10,False,False,double,0.0009103322712790169,0.5125171090032675,0.5125171090032675,-0.16719266083547535,0.25625855450163376,0.5125171090032675,,-0.16719266083547535,0.25625855450163376,0.5125171090032675,
"2,8",6,10,False,False,double,0.0009103322712790169,0.5755901685977685,0.5755901685977685,-0.15369901583000453,0.28779508429888423,0.5755901685977685,,-0.15369901583000453,0.28779508429888423,0.5755901685977685,
"2,8",7,10,False,False,double,0.0009103322712790169,0.39241245528243757,0.39241245528243757,-0.47537518327693334,0.2569087443360865,0.39241245528243757,,-0.47537518327693334,0.2569087443360865,0.39241245528243757,
"2,8",8,10,False,False,double,0.0009103322712790169,0.2866357168862836,0.2866357168862836,-0.5105175154976173,0.19795370833197604,0.2866357168862836,,-0.5105175154976173,0.19795370833197604,0.2866357168862836,
"2,8",9,10,False,False,double,0.0009103322712790169,0.1443283683807711,0.1443283683807711,-0.5431496811311094,0.11652959106928386,0.1443283683807711,,-0.5431496811311094,0.11652959106928386,0.1443283683807711,
"2,8",10,10,False,False,hit,0.0036413290851160674,-0.05356136334689098,0.0253085230408681,-0.5757818467646016,-0.05356136334689098,-0.08491571203188754,,-0.5404303339949851,0.0253085230408681,-0.008658688034544837,
"2,9",1,11,False,False,hit,0.0009103322712790169,-0.20869142004201754,0.14300128216153024,-0.769427459397661,-0.20869142004201754,-0.23218869092216365,,-0.6669507746855103,0.14300128216153024,0.10906077977909696,
"2,9",2,11,False,False,double,0.0009103322712790169,0.47064092333946883,0.47064092333946883,-0.29278372720927737,0.23835074945762974,0.47064092333946883,,-0.29278372720927737,0.23835074945762974,0.47064092333946883,
"2,9",3,11,False,False,double,0.0009103322712790169,0.5177952531222166,0.5177952531222166,-0.25225022923571355,0.26032526728707966,0.5177952531222166,,-0.25225022923571355,0.26032526728707966,0.5177952531222166,
"2,9",4,11,False,False,double,0.0009103322712790169,0.5660405504179759,0.5660405504179759,-0.21106310899491437,0.2830202752089879,0.5660405504179759,,-0.21106310899491437,0.2830202752089879,0.5660405504179759,
"2,9",5,11,False,False,double,0.0009103322712790169,0.6146990179090277,0.6146990179090277,-0.16719266083547535,0.30734950895451385,0.6146990179090277,,-0.16719266083547535,0.30734950895451385,0.6146990179090277,
"2,9",6,11,False,False,double,0.0009103322712790169,0.6673800949075693,0.6673800949075693,-0.15369901583000453,0.33369004745378467,0.6673800949075693,,-0.15369901583000453,0.33369004745378467,0.6673800949075693,
"2,9",7,11,False,False,double,0.0009103322712790169,0.4628889488642907,0.4628889488642907,-0.47537518327693334,0.2921469911270131,0.4628889488642907,,-0.47537518327693334,0.2921469911270131,0.4628889488642907,
"2,9",8,11,False,False,double,0.0009103322712790169,0.3506925908703149,0.3506925908703149,-0.5105175154976173,0.2299821453239917,0.3506925908703149,,-0.5105175154976173,0.2299821453239917,0.3506925908703149,
"2,9",9,11,False,False,double,0.0009103322712790169,0.22778342315245476,0.22778342315245476,-0.5431496811311094,0.1582571184551257,0.22778342315245476,,-0.5431496811311094,0.1582571184551257,0.22778342315245476,
"2,9",10,11,False,False,double,0.0036413290851160674,0.08894344068721177,0.17968872741114608,-0.5757818467646016,0.03336821301265867,0.08894344068721177,,-0.5404303339949851,0.11948223076371356,0.17968872741114608,
"2,10",1,12,False,False,hit,0.0036413290851160674,-0.5503740818431323,-0.35054034044008003,-0.769427459397661,-0.5503740818431323,-0.8818534949006196,,-0.6669507746855103,-0.35054034044008003,-0.8293439370786727,
"2,10",2,12,False,False,hit,0.0036413290851160674,-0.2533899859666381,-0.2533899859666381,-0.29278372720927737,-0.2533899859666381,-0.5067799719332762,,-0.29278372720927737,-0.2533899859666381,-0.5067799719332762,
"2,10",3,12,False,False,hit,0.0036413290851160674,-0.23369089979808663,-0.23369089979808663,-0.25225022923571355,-0.23369089979808663,-0.46738179959617326,,-0.25225022923571355,-0.23369089979808663,-0.46738179959617326,
"2,10",4,12,False,False,stand,0.0036413290851160674,-0.21106310899491437,-0.21106310899491437,-0.21106310899491437,-0.21353655324507698,-0.42707310649015395,,-0.21106310899491437,-0.21353655324507698,-0.42707310649015395,
"2,10",5,12,False,False,stand,0.0036413290851160674,-0.16719266083547535,-0.16719266083547535,-0.16719266083547535,-0.19327116942628347,-0.38654233885256695,,-0.16719266083547535,-0.19327116942628347,-0.38654233885256695,
"2,10",6,12,False,False,stand,0.0036413290851160674,-0.15369901583000453,-0.15369901583000453,-0.15369901583000453,-0.17052619990757956,-0.3410523998151591,,-0.15369901583000453,-0.17052619990757956,-0.3410523998151591,
"2,10",7,12,False,False,hit,0.0036413290851160674,-0.2128477145173143,-0.2128477145173143,-0.47537518327693334,-0.2128477145173143,-0.5067116210767303,,-0.47537518327693334,-0.2128477145173143,-0.5067116210767303,
"2,10",8,12,False,False,hit,0.0036413290851160674,-0.27157480502428616,-0.27157480502428616,-0.5105175154976173,-0.27157480502428616,-0.6156608928303438,,-0.5105175154976173,-0.27157480502428616,-0.6156608928303438,
"2,10",9,12,False,False,hit,0.0036413290851160674,-0.3400132806089356,-0.3400132806089356,-0.5431496811311094,-0.3400132806089356,-0.7375056210491795,,-0.5431496811311094,-0.3400132806089356,-0.7375056210491795,
"2,10",10,12,False,False,hit,0.01456531634046427,-0.4286550703213117,-0.38104299284808774,-0.5757818467646016,-0.4286550703213117,-0.812468237297146,,-0.5404303339949851,-0.38104299284808774,-0.7968405904052415,
"3,3",1,6,False,False,hit,0.0004551661356395084,-0.5182553599062534,-0.30414663097569933,-0.769427459397661,-0.5182553599062534,-1.2110412419051806,-0.6232980671034587,-0.6669507746855103,-0.30414663097569933,-1.304837349418594,-0.455874985816107
"3,3",2,6,False,False,split,0.0004551661356395084,-0.13816353305492146,-0.13816353305492146,-0.29278372720927737,-0.14075911746001993,-0.5640583560296724,-0.13816353305492146,-0.29278372720927737,-0.14075911746001993,-0.5640583560296724,-0.13816353305492146
"3,3",3,6,False,False,split,0.0004551661356395084,-0.06386643474421738,-0.06386643474421738,-0.25225022923571355,-0.1072910780086084,-0.48372599880817485,-0.06386643474421738,-0.25225022923571355,-0.1072910780086084,-0.48372599880817485,-0.06386643474421738
"3,3",4,6,False,False,split,0.0004551661356395084,0.014624872422626924,0.014624872422626924,-0.21106310899491437,-0.07291714192638732,-0.40205087401296746,0.014624872422626924,-0.21106310899491437,-0.07291714192638732,-0.40205087401296746,0.014624872422626924
"3,3",5,6,False,False,split,0.0004551661356395084,0.10229274834073294,0.10229274834073294,-0.16719266083547535,-0.03491597333010231,-0.3155774316293275,0.10229274834073294,-0.16719266083547535,-0.03491597333010231,-0.3155774316293275,0.10229274834073294
"3,3",6,6,False,False,split,0.0004551661356395084,0.16942022384102562,0.16942022384102562,-0.15369901583000453,-0.013005835529874334,-0.28194600450564805,0.16942022384102562,-0.15369901583000453,-0.013005835529874334,-0.28194600450564805,0.16942022384102562
"3,3",7,6,False,False,split,0.0004551661356395084,-0.06776045882169361,-0.06776045882169361,-0.47537518327693334,-0.1519327072366995,-0.894047875200907,-0.06776045882169361,-0.47537518327693334,-0.1519327072366995,-0.894047875200907,-0.06776045882169361
"3,3",8,6,False,False,hit,0.0004551661356395084,-0.2172418813207848,-0.2172418813207848,-0.5105175154976173,-0.2172418813207848,-1.0012555626184392,-0.22966953759261277,-0.5105175154976173,-0.2172418813207848,-1.0012555626184392,-0.22966953759261277
"3,3",9,6,False,False,hit,0.0004551661356395084,-0.29264070019772603,-0.29264070019772603,-0.5431496811311094,-0.29264070019772603,-1.0678385251105431,-0.41518015608743075,-0.5431496811311094,-0.29264070019772603,-1.0678385251105431,-0.41518015608743075
"3,3",10,6,False,False,hit,0.0018206645425580337,-0.3886917911185306,-0.33774944037840815,-0.5757818467646016,-0.3886917911185306,-1.0574984106795704,-0.5582115922915623,-0.5404303339949851,-0.33774944037840815,-1.0622899449028678,-0.5213958916491924
"3,4",1,7,False,False,hit,0.0009103322712790169,-0.5223572963834411,-0.310071650331637,-0.769427459397661,-0.5223572963834411,-1.0903130267181775,,-0.6669507746855103,-0.310071650331637,-1.130452149704034,
"3,4",2,7,False,False,hit,0.0009103322712790169,-0.10918342786661638,-0.10918342786661638,-0.29278372720927737,-0.10918342786661638,-0.43575788710453833,,-0.29278372720927737,-0.10918342786661638,-0.43575788710453833,
"3,4",3,7,False,False,hit,0.0009103322712790169,-0.07658298190446361,-0.07658298190446361,-0.25225022923571355,-0.07658298190446361,-0.3597794964219526,,-0.25225022923571355,-0.07658298190446361,-0.3597794964219526,
"3,4",4,7,False,False,hit,0.0009103322712790169,-0.04302179400434189,-0.04302179400434189,-0.21106310899491437,-0.04302179400434189,-0.2822990657450914,,-0.21106310899491437,-0.04302179400434189,-0.2822990657450914,
"3,4",5,7,False,False,hit,0.0009103322712790169,-0.007271360902941012,-0.007271360902941012,-0.16719266083547535,-0.007271360902941012,-0.2027300913795883,,-0.16719266083547535,-0.007271360902941012,-0.2027300913795883,
"3,4",6,7,False,False,hit,0.0009103322712790169,0.029185342353860846,0.029185342353860846,-0.15369901583000453,0.029185342353860846,-0.13833716429227233,,-0.15369901583000453,0.029185342353860846,-0.13833716429227233,
"3,4",7,7,False,False,hit,0.0009103322712790169,-0.06880779958042782,-0.06880779958042782,-0.47537518327693334,-0.06880779958042782,-0.5893358856630299,,-0.47537518327693334,-0.06880779958042782,-0.5893358856630299,
"3,4",8,7,False,False,hit,0.0009103322712790169,-0.21060476872434974,-0.21060476872434974,-0.5105175154976173,-0.21060476872434974,-0.8470757937777852,,-0.5105175154976173,-0.21060476872434974,-0.8470757937777852,
"3,4",9,7,False,False,hit,0.0009103322712790169,-0.2853654404868766,-0.2853654404868766,-0.5431496811311094,-0.2853654404868766,-0.957073502200489,,-0.5431496811311094,-0.2853654404868766,-0.957073502200489,
"3,4",10,7,False,False,hit,0.0036413290851160674,-0.3714351920600048,-0.31905479139833853,-0.5757818467646016,-0.3714351920600048,-0.9546451751202343,,-0.5404303339949851,-0.31905479139833853,-0.9508656063802539,
"3,5",1,8,False,False,hit,0.0009103322712790169,-0.4440968688590363,-0.19702881057416358,-0.769427459397661,-0.4440968688590363,-0.8689779655420052,,-0.6669507746855103,-0.19702881057416358,-0.810745950227341,
"3,5",2,8,False,False,hit,0.0009103322712790169,-0.02179818800880571,-0.02179818800880571,-0.29278372720927737,-0.02179818800880571,-0.20449052049882196,,-0.29278372720927737,-0.02179818800880571,-0.20449052049882196,
"3,5",3,8,False,False,hit,0.0009103322712790169,0.008005262530654663,0.008005262530654663,-0.25225022923571355,0.008005262530654663,-0.13621609509408678,,-0.25225022923571355,0.008005262530654663,-0.13621609509408678,
"3,5",4,8,False,False,hit,0.0009103322712790169,0.03878447327720879,0.03878447327720879,-0.21106310899491437,0.03878447327720879,-0.06637207115265836,,-0.21106310899491437,0.03878447327720879,-0.06637207115265836,
"3,5",5,8,False,False,hit,0.0009103322712790169,0.07080463598303369,0.07080463598303369,-0.16719266083547535,0.07080463598303369,0.003456443484975325,,-0.16719266083547535,0.07080463598303369,0.003456443484975325,
"3,5",6,8,False,False,hit,0.0009103322712790169,0.11496015009622318,0.11496015009622318,-0.15369901583000453,0.11496015009622318,0.08701519812895744,,-0.15369901583000453,0.11496015009622318,0.08701519812895744,
"3,5",7,8,False,False,hit,0.0009103322712790169,0.08220743936374282,0.08220743936374282,-0.47537518327693334,0.08220743936374282,-0.1877295549725523,,-0.47537518327693334,0.08220743936374282,-0.1877295549725523,
"3,5",8,8,False,False,hit,0.0009103322712790169,-0.05989827565865634,-0.05989827565865634,-0.5105175154976173,-0.05989827565865634,-0.4519868487336276,,-0.5105175154976173,-0.05989827565865634,-0.4519868487336276,
"3,5",9,8,False,False,hit,0.0009103322712790169,-0.21018633199821765,-0.21018633199821765,-0.5431496811311094,-0.21018633199821765,-0.7185013349521747,,-0.5431496811311094,-0.21018633199821765,-0.7185013349521747,
"3,5",10,8,False,False,hit,0.0036413290851160674,-0.3071154589723163,-0.24937508055334265,-0.5757818467646016,-0.3071154589723163,-0.7660809099281183,,-0.5404303339949851,-0.24937508055334265,-0.7465876524221282,
"3,6",1,9,False,False,hit,0.0009103322712790169,-0.35316361607712277,-0.06568077877806619,-0.769427459397661,-0.35316361607712277,-0.6074001659701653,,-0.6669507746855103,-0.06568077877806619,-0.4329113508457944,
"3,6",2,9,False,False,hit,0.0009103322712790169,0.0744460375763405,0.0744460375763405,-0.29278372720927737,0.0744460375763405,0.061118503166596935,,-0.29278372720927737,0.0744460375763405,0.061118503166596935,
"3,6",3,9,False,False,double,0.0009103322712790169,0.12081635332999653,0.12081635332999653,-0.25225022923571355,0.10126470173887674,0.12081635332999653,,-0.25225022923571355,0.10126470173887674,0.12081635332999653,
"3,6",4,9,False,False,double,0.0009103322712790169,0.1819489340524216,0.1819489340524216,-0.21106310899491437,0.12898088119574175,0.1819489340524216,,-0.21106310899491437,0.12898088119574175,0.1819489340524216,
"3,6",5,9,False,False,double,0.0009103322712790169,0.24305722487303605,0.24305722487303605,-0.16719266083547535,0.1580318562665172,0.24305722487303605,,-0.16719266083547535,0.1580318562665172,0.24305722487303605,
"3,6",6,9,False,False,double,0.0009103322712790169,0.3170547457016668,0.3170547457016668,-0.15369901583000453,0.19601883925727873,0.3170547457016668,,-0.15369901583000453,0.19601883925727873,0.3170547457016668,
"3,6",7,9,False,False,hit,0.0009103322712790169,0.1718678599369526,0.1718678599369526,-0.47537518327693334,0.1718678599369526,0.10425035196048571,,-0.47537518327693334,0.1718678599369526,0.10425035196048571,
"3,6",8,9,False,False,hit,0.0009103322712790169,0.09837621743539247,0.09837621743539247,-0.5105175154976173,0.09837621743539247,-0.02644228964866949,,-0.5105175154976173,0.09837621743539247,-0.02644228964866949,
"3,6",9,9,False,False,hit,0.0009103322712790169,-0.052178053462651745,-0.052178053462651745,-0.5431496811311094,-0.052178053462651745,-0.3009956590809824,,-0.5431496811311094,-0.052178053462651745,-0.3009956590809824,
"3,6",10,9,False,False,hit,0.0036413290851160674,-0.21811044757650844,-0.1529529848745508,-0.5757818467646016,-0.21811044757650844,-0.5077292743030086,,-0.5404303339949851,-0.1529529848745508,-0.46670671382825935,
"3,7",1,10,False,False,hit,0.0009103322712790169,-0.25130404834557823,0.08144970794527591,-0.769427459397661,-0.25130404834557823,-0.31741394752928503,,-0.6669507746855103,0.08144970794527591,-0.01404236865341169,
"3,7",2,10,False,False,double,0.0009103322712790169,0.3589394124422991,0.3589394124422991,-0.29278372720927737,0.18249999400904487,0.3589394124422991,,-0.29278372720927737,0.18249999400904487,0.3589394124422991,
"3,7",3,10,False,False,double,0.0009103322712790169,0.40932067017593915,0.40932067017593915,-0.25225022923571355,0.20608797581394087,0.40932067017593915,,-0.25225022923571355,0.20608797581394087,0.40932067017593915,
"3,7",4,10,False,False,double,0.0009103322712790169,0.46094024379435383,0.46094024379435383,-0.21106310899491437,0.23047012189717692,0.46094024379435383,,-0.21106310899491437,0.23047012189717692,0.46094024379435383,
"3,7",5,10,False,False,double,0.0009103322712790169,0.5125171090032675,0.5125171090032675,-0.16719266083547535,0.25625855450163376,0.5125171090032675,,-0.16719266083547535,0.25625855450163376,0.5125171090032675,
"3,7",6,10,False,False,double,0.0009103322712790169,0.5755901685977685,0.5755901685977685,-0.15369901583000453,0.28779508429888423,0.5755901685977685,,-0.15369901583000453,0.28779508429888423,0.5755901685977685,
"3,7",7,10,False,False,double,0.0009103322712790169,0.39241245528243757,0.39241245528243757,-0.47537518327693334,0.2569087443360865,0.39241245528243757,,-0.47537518327693334,0.2569087443360865,0.39241245528243757,
"3,7",8,10,False,False,double,0.0009103322712790169,0.2866357168862836,0.2866357168862836,-0.5105175154976173,0.19795370833197604,0.2866357168862836,,-0.5105175154976173,0.19795370833197604,0.2866357168862836,
"3,7",9,10,False,False,double,0.0009103322712790169,0.1443283683807711,0.1443283683807711,-0.5431496811311094,0.11652959106928386,0.1443283683807711,,-0.5431496811311094,0.11652959106928386,0.1443283683807711,
"3,7",10,10,False,False,hit,0.0036413290851160674,-0.05356136334689098,0.0253085230408681,-0.5757818467646016,-0.05356136334689098,-0.08491571203188754,,-0.5404303339949851,0.0253085230408681,-0.008658688034544837,
"3,8",1,11,False,False,hit,0.0009103322712790169,-0.20869142004201754,0.14300128216153024,-0.769427459397661,-0.20869142004201754,-0.23218869092216365,,-0.6669507746855103,0.14300128216153024,0.10906077977909696,
"3,8",2,11,False,False,double,0.0009103322712790169,0.47064092333946883,0.47064092333946883,-0.29278372720927737,0.23835074945762974,0.47064092333946883,,-0.29278372720927737,0.23835074945762974,0.47064092333946883,
"3,8",3,11,False,False,double,0.0009103322712790169,0.5177952531222166,0.5177952531222166,-0.25225022923571355,0.26032526728707966,0.5177952531222166,,-0.25225022923571355,0.26032526728707966,0.5177952531222166,
"3,8",4,11,False,False,double,0.0009103322712790169,0.5660405504179759,0.5660405504179759,-0.21106310899491437,0.2830202752089879,0.5660405504179759,,-0.21106310899491437,0.2830202752089879,0.5660405504179759,
"3,8",5,11,False,False,double,0.0009103322712790169,0.6146990179090277,0.6146990179090277,-0.16719266083547535,0.30734950895451385,0.6146990179090277,,-0.16719266083547535,0.30734950895451385,0.6146990179090277,
"3,8",6,11,False,False,double,0.0009103322712790169,0.6673800949075693,0.6673800949075693,-0.15369901583000453,0.33369004745378467,0.6673800949075693,,-0.15369901583000453,0.33369004745378467,0.6673800949075693,
"3,8",7,11,False,False,double,0.0009103322712790169,0.4628889488642907,0.4628889488642907,-0.47537518327693334,0.2921469911270131,0.4628889488642907,,-0.47537518327693334,0.2921469911270131,0.4628889488642907,
"3,8",8,11,False,False,double,0.0009103322712790169,0.3506925908703149,0.3506925908703149,-0.5105175154976173,0.2299821453239917,0.3506925908703149,,-0.5105175154976173,0.2299821453239917,0.3506925908703149,
"3,8",9,11,False,False,double,0.0009103322712790169,0.22778342315245476,0.22778342315245476,-0.5431496811311094,0.1582571184551257,0.22778342315245476,,-0.5431496811311094,0.1582571184551257,0.22778342315245476,
"3,8",10,11,False,False,double,0.0036413290851160674,0.08894344068721177,0.17968872741114608,-0.5757818467646016,0.03336821301265867,0.08894344068721177,,-0.5404303339949851,0.11948223076371356,0.17968872741114608,
"3,9",1,12,False,False,hit,0.0009103322712790169,-0.5503740818431323,-0.35054034044008003,-0.769427459397661,-0.5503740818431323,-0.8818534949006196,,-0.6669507746855103,-0.35054034044008003,-0.8293439370786727,
"3,9",2,12,False,False,hit,0.0009103322712790169,-0.2533899859666381,-0.2533899859666381,-0.29278372720927737,-0.2533899859666381,-0.5067799719332762,,-0.29278372720927737,-0.2533899859666381,-0.5067799719332762,
"3,9",3,12,False,False,hit,0.0009103322712790169,-0.23369089979808663,-0.23369089979808663,-0.25225022923571355,-0.23369089979808663,-0.46738179959617326,,-0.25225022923571355,-0.23369089979808663,-0.46738179959617326,
"3,9",4,12,False,False,stand,0.0009103322712790169,-0.21106310899491437,-0.21106310899491437,-0.21106310899491437,-0.21353655324507698,-0.42707310649015395,,-0.21106310899491437,-0.21353655324507698,-0.42707310649015395,
"3,9",5,12,False,False,stand,0.0009103322712790169,-0.16719266083547535,-0.16719266083547535,-0.16719266083547535,-0.19327116942628347,-0.38654233885256695,,-0.16719266083547535,-0.19327116942628347,-0.38654233885256695,
"3,9",6,12,False,False,stand,0.0009103322712790169,-0.15369901583000453,-0.15369901583000453,-0.15369901583000453,-0.17052619990757956,-0.3410523998151591,,-0.15369901583000453,-0.17052619990757956,-0.3410523998151591,
"3,9",7,12,False,False,hit,0.0009103322712790169,-0.2128477145173143,-0.2128477145173143,-0.47537518327693334,-0.2128477145173143,-0.5067116210767303,,-0.47537518327693334,-0.2128477145173143,-0.5067116210767303,
"3,9",8,12,False,False,hit,0.0009103322712790169,-0.27157480502428616,-0.27157480502428616,-0.5105175154976173,-0.27157480502428616,-0.6156608928303438,,-0.5105175154976173,-0.27157480502428616,-0.6156608928303438,
"3,9",9,12,False,False,hit,0.0009103322712790169,-0.3400132806089356,-0.3400132806089356,-0.5431496811311094,-0.3400132806089356,-0.7375056210491795,,-0.5431496811311094,-0.3400132806089356,-0.7375056210491795,
"3,9",10,12,False,False,hit,0.0036413290851160674,-0.4286550703213117,-0.38104299284808774,-0.5757818467646016,-0.4286550703213117,-0.812468237297146,,-0.5404303339949851,-0.38104299284808774,-0.7968405904052415,
"3,10",1,13,False,False,hit,0.0036413290851160674,-0.5824902188543372,-0.39693031612293145,-0.769427459397661,-0.5824902188543372,-0.9173261934548256,,-0.6669507746855103,-0.39693031612293145,-0.8805822794347481,
"3,10",2,13,False,False,stand,0.0036413290851160674,-0.29278372720927737,-0.29278372720927737,-0.29278372720927737,-0.30779123771977057,-0.6155824754395411,,-0.29278372720927737,-0.30779123771977057,-0.6155824754395411,
"3,10",3,13,False,False,stand,0.0036413290851160674,-0.25225022923571355,-0.25225022923571355,-0.25225022923571355,-0.29121011293380095,-0.5824202258676019,,-0.25225022923571355,-0.29121011293380095,-0.5824202258676019,
"3,10",4,13,False,False,stand,0.0036413290851160674,-0.21106310899491437,-0.21106310899491437,-0.21106310899491437,-0.2742240063993143,-0.5484480127986286,,-0.21106310899491437,-0.2742240063993143,-0.5484480127986286,
"3,10",5,13,False,False,stand,0.0036413290851160674,-0.16719266083547535,-0.16719266083547535,-0.16719266083547535,-0.2573332724389392,-0.5146665448778784,,-0.16719266083547535,-0.2573332724389392,-0.5146665448778784,
"3,10",6,13,False,False,stand,0.0036413290851160674,-0.15369901583000453,-0.15369901583000453,-0.15369901583000453,-0.23562627561296381,-0.47125255122592763,,-0.15369901583000453,-0.23562627561296381,-0.47125255122592763,
"3,10",7,13,False,False,hit,0.0036413290851160674,-0.2690728777660775,-0.2690728777660775,-0.47537518327693334,-0.2690728777660775,-0.5874231313418175,,-0.47537518327693334,-0.2690728777660775,-0.5874231313418175,
"3,10",8,13,False,False,hit,0.0036413290851160674,-0.32360517609398004,-0.32360517609398004,-0.5105175154976173,-0.32360517609398004,-0.6909658904460949,,-0.5105175154976173,-0.32360517609398004,-0.6909658904460949,
"3,10",9,13,False,False,hit,0.0036413290851160674,-0.38715518913686875,-0.38715518913686875,-0.5431496811311094,-0.38715518913686875,-0.8077902854905473,,-0.5431496811311094,-0.38715518913686875,-0.8077902854905473,
"3,10",10,13,False,False,hit,0.01456531634046427,-0.469465422441218,-0.4252542076446529,-0.5757818467646016,-0.469465422441218,-0.8777325685641304,,-0.5404303339949851,-0.4252542076446529,-0.8675436159444746,
"4,4",1,8,False,False,hit,0.0004551661356395084,-0.4440968688590363,-0.19702881057416358,-0.769427459397661,-0.4440968688590363,-0.8689779655420052,-0.6581066076361812,-0.6669507746855103,-0.19702881057416358,-0.810745950227341,-0.5061539888078174
"4,4",2,8,False,False,hit,0.0004551661356395084,-0.02179818800880571,-0.02179818800880571,-0.29278372720927737,-0.02179818800880571,-0.20449052049882196,-0.1669451794970592,-0.29278372720927737,-0.02179818800880571,-0.20449052049882196,-0.1669451794970592
"4,4",3,8,False,False,hit,0.0004551661356395084,0.008005262530654663,0.008005262530654663,-0.25225022923571355,0.008005262530654663,-0.13621609509408678,-0.09134134678591109,-0.25225022923571355,0.008005262530654663,-0.13621609509408678,-0.09134134678591109
"4,4",4,8,False,False,hit,0.0004551661356395084,0.03878447327720879,0.03878447327720879,-0.21106310899491437,0.03878447327720879,-0.06637207115265836,-0.01158738637339622,-0.21106310899491437,0.03878447327720879,-0.06637207115265836,-0.01158738637339622
"4,4",5,8,False,False,split,0.0004551661356395084,0.080259872887869,0.080259872887869,-0.16719266083547535,0.07080463598303369,0.003456443484975325,0.080259872887869,-0.16719266083547535,0.07080463598303369,0.003456443484975325,0.080259872887869
"4,4",6,8,False,False,split,0.0004551661356395084,0.1459567349192465,0.1459567349192465,-0.15369901583000453,0.11496015009622318,0.08701519812895744,0.1459567349192465,-0.15369901583000453,0.11496015009622318,0.08701519812895744,0.1459567349192465
"4,4",7,8,False,False,hit,0.0004551661356395084,0.08220743936374282,0.08220743936374282,-0.47537518327693334,0.08220743936374282,-0.1877295549725523,-0.1294436838579077,-0.47537518327693334,0.08220743936374282,-0.1877295549725523,-0.1294436838579077
"4,4",8,8,False,False,hit,0.0004551661356395084,-0.05989827565865634,-0.05989827565865634,-0.5105175154976173,-0.05989827565865634,-0.4519868487336276,-0.286454081612621,-0.5105175154976173,-0.05989827565865634,-0.4519868487336276,-0.286454081612621
"4,4",9,8,False,False,hit,0.0004551661356395084,-0.21018633199821765,-0.21018633199821765,-0.5431496811311094,-0.21018633199821765,-0.7185013349521747,-0.466359268766913,-0.5431496811311094,-0.21018633199821765,-0.7185013349521747,-0.466359268766913
"4,4",10,8,False,False,hit,0.0018206645425580337,-0.3071154589723163,-0.24937508055334265,-0.5757818467646016,-0.3071154589723163,-0.7660809099281183,-0.602276884023623,-0.5404303339949851,-0.24937508055334265,-0.7465876524221282,-0.5691332910255915
"4,5",1,9,False,False,hit,0.0009103322712790169,-0.35316361607712277,-0.06568077877806619,-0.769427459397661,-0.35316361607712277,-0.6074001659701653,,-0.6669507746855103,-0.06568077877806619,-0.4329113508457944,
"4,5",2,9,False,False,hit,0.0009103322712790169,0.0744460375763405,0.0744460375763405,-0.29278372720927737,0.0744460375763405,0.061118503166596935,,-0.29278372720927737,0.0744460375763405,0.061118503166596935,
"4,5",3,9,False,False,double,0.0009103322712790169,0.12081635332999653,0.12081635332999653,-0.25225022923571355,0.10126470173887674,0.12081635332999653,,-0.25225022923571355,0.10126470173887674,0.12081635332999653,
"4,5",4,9,False,False,double,0.0009103322712790169,0.1819489340524216,0.1819489340524216,-0.21106310899491437,0.12898088119574175,0.1819489340524216,,-0.21106310899491437,0.12898088119574175,0.1819489340524216,
"4,5",5,9,False,False,double,0.0009103322712790169,0.24305722487303605,0.24305722487303605,-0.16719266083547535,0.1580318562665172,0.24305722487303605,,-0.16719266083547535,0.1580318562665172,0.24305722487303605,
"4,5",6,9,False,False,double,0.0009103322712790169,0.3170547457016668,0.3170547457016668,-0.15369901583000453,0.19601883925727873,0.3170547457016668,,-0.15369901583000453,0.19601883925727873,0.3170547457016668,
"4,5",7,9,False,False,hit,0.0009103322712790169,0.1718678599369526,0.1718678599369526,-0.47537518327693334,0.1718678599369526,0.10425035196048571,,-0.47537518327693334,0.1718678599369526,0.10425035196048571,
"4,5",8,9,False,False,hit,0.0009103322712790169,0.09837621743539247,0.09837621743539247,-0.5105175154976173,0.09837621743539247,-0.02644228964866949,,-0.5105175154976173,0.09837621743539247,-0.02644228964866949,
"4,5",9,9,False,False,hit,0.0009103322712790169,-0.052178053462651745,-0.052178053462651745,-0.5431496811311094,-0.052178053462651745,-0.3009956590809824,,-0.5431496811311094,-0.052178053462651745,-0.3009956590809824,
"4,5",10,9,False,False,hit,0.0036413290851160674,-0.21811044757650844,-0.1529529848745508,-0.5757818467646016,-0.21811044757650844,-0.5077292743030086,,-0.5404303339949851,-0.1529529848745508,-0.46670671382825935,
"4,6",1,10,False,False,hit,0.0009103322712790169,-0.25130404834557823,0.08144970794527591,-0.769427459397661,-0.25130404834557823,-0.31741394752928503,,-0.6669507746855103,0.08144970794527591,-0.01404236865341169,
"4,6",2,10,False,False,double,0.0009103322712790169,0.3589394124422991,0.3589394124422991,-0.29278372720927737,0.18249999400904487,0.3589394124422991,,-0.29278372720927737,0.18249999400904487,0.3589394124422991,
"4,6",3,10,False,False,double,0.0009103322712790169,0.40932067017593915,0.40932067017593915,-0.25225022923571355,0.20608797581394087,0.40932067017593915,,-0.25225022923571355,0.20608797581394087,0.40932067017593915,
"4,6",4,10,False,False,double,0.0009103322712790169,0.46094024379435383,0.46094024379435383,-0.21106310899491437,0.23047012189717692,0.46094024379435383,,-0.21106310899491437,0.23047012189717692,0.46094024379435383,
"4,6",5,10,False,False,double,0.0009103322712790169,0.5125171090032675,0.5125171090032675,-0.16719266083547535,0.25625855450163376,0.5125171090032675,,-0.16719266083547535,0.25625855450163376,0.5125171090032675,
"4,6",6,10,False,False,double,0.0009103322712790169,0.5755901685977685,0.5755901685977685,-0.15369901583000453,0.28779508429888423,0.5755901685977685,,-0.15369901583000453,0.28779508429888423,0.5755901685977685,
"4,6",7,10,False,False,double,0.0009103322712790169,0.39241245528243757,0.39241245528243757,-0.47537518327693334,0.2569087443360865,0.39241245528243757,,-0.47537518327693334,0.2569087443360865,0.39241245528243757,
"4,6",8,10,False,False,double,0.0009103322712790169,0.2866357168862836,0.2866357168862836,-0.5105175154976173,0.19795370833197604,0.2866357168862836,,-0.5105175154976173,0.19795370833197604,0.2866357168862836,
"4,6",9,10,False,False,double,0.0009103322712790169,0.1443283683807711,0.1443283683807711,-0.5431496811311094,0.11652959106928386,0.1443283683807711,,-0.5431496811311094,0.11652959106928386,0.1443283683807711,
"4,6",10,10,False,False,hit,0.0036413290851160674,-0.05356136334689098,0.0253085230408681,-0.5757818467646016,-0.05356136334689098,-0.08491571203188754,,-0.5404303339949851,0.0253085230408681,-0.008658688034544837,
"4,7",1,11,False,False,hit,0.0009103322712790169,-0.20869142004201754,0.14300128216153024,-0.769427459397661,-0.20869142004201754,-0.23218869092216365,,-0.6669507746855103,0.14300128216153024,0.10906077977909696,
"4,7",2,11,False,False,double,0.0009103322712790169,0.47064092333946883,0.47064092333946883,-0.29278372720927737,0.23835074945762974,0.47064092333946883,,-0.29278372720927737,0.23835074945762974,0.47064092333946883,
"4,7",3,11,False,False,double,0.0009103322712790169,0.5177952531222166,0.5177952531222166,-0.25225022923571355,0.26032526728707966,0.5177952531222166,,-0.25225022923571355,0.26032526728707966,0.5177952531222166,
"4,7",4,11,False,False,double,0.0009103322712790169,0.5660405504179759,0.5660405504179759,-0.21106310899491437,0.2830202752089879,0.5660405504179759,,-0.21106310899491437,0.2830202752089879,0.5660405504179759,
"4,7",5,11,False,False,double,0.0009103322712790169,0.6146990179090277,0.6146990179090277,-0.16719266083547535,0.30734950895451385,0.6146990179090277,,-0.16719266083547535,0.30734950895451385,0.6146990179090277,
"4,7",6,11,False,False,double,0.0009103322712790169,0.6673800949075693,0.6673800949075693,-0.15369901583000453,0.33369004745378467,0.6673800949075693,,-0.15369901583000453,0.33369004745378467,0.6673800949075693,
"4,7",7,11,False,False,double,0.0009103322712790169,0.4628889488642907,0.4628889488642907,-0.47537518327693334,0.2921469911270131,0.4628889488642907,,-0.47537518327693334,0.2921469911270131,0.4628889488642907,
"4,7",8,11,False,False,double,0.0009103322712790169,0.3506925908703149,0.3506925908703149,-0.5105175154976173,0.2299821453239917,0.3506925908703149,,-0.5105175154976173,0.2299821453239917,0.3506925908703149,
"4,7",9,11,False,False,double,0.0009103322712790169,0.22778342315245476,0.22778342315245476,-0.5431496811311094,0.1582571184551257,0.22778342315245476,,-0.5431496811311094,0.1582571184551257,0.22778342315245476,
"4,7",10,11,False,False,double,0.0036413290851160674,0.08894344068721177,0.17968872741114608,-0.5757818467646016,0.03336821301265867,0.08894344068721177,,-0.5404303339949851,0.11948223076371356,0.17968872741114608,
"4,8",1,12,False,False,hit,0.0009103322712790169,-0.5503740818431323,-0.35054034044008003,-0.769427459397661,-0.5503740818431323,-0.8818534949006196,,-0.6669507746855103,-0.35054034044008003,-0.8293439370786727,
"4,8",2,12,False,False,hit,0.0009103322712790169,-0.2533899859666381,-0.2533899859666381,-0.29278372720927737,-0.2533899859666381,-0.5067799719332762,,-0.29278372720927737,-0.2533899859666381,-0.5067799719332762,
"4,8",3,12,False,False,hit,0.0009103322712790169,-0.23369089979808663,-0.23369089979808663,-0.25225022923571355,-0.23369089979808663,-0.46738179959617326,,-0.25225022923571355,-0.23369089979808663,-0.46738179959617326,
"4,8",4,12,False,False,stand,0.0009103322712790169,-0.21106310899491437,-0.21106310899491437,-0.21106310899491437,-0.21353655324507698,-0.42707310649015395,,-0.21106310899491437,-0.21353655324507698,-0.42707310649015395,
"4,8",5,12,False,False,stand,0.0009103322712790169,-0.16719266083547535,-0.16719266083547535,-0.16719266083547535,-0.19327116942628347,-0.38654233885256695,,-0.16719266083547535,-0.19327116942628347,-0.38654233885256695,
"4,8",6,12,False,False,stand,0.0009103322712790169,-0.15369901583000453,-0.15369901583000453,-0.15369901583000453,-0.17052619990757956,-0.3410523998151591,,-0.15369901583000453,-0.17052619990757956,-0.3410523998151591,
"4,8",7,12,False,False,hit,0.0009103322712790169,-0.2128477145173143,-0.2128477145173143,-0.47537518327693334,-0.2128477145173143,-0.5067116210767303,,-0.47537518327693334,-0.2128477145173143,-0.5067116210767303,
"4,8",8,12,False,False,hit,0.0009103322712790169,-0.27157480502428616,-0.27157480502428616,-0.5105175154976173,-0.27157480502428616,-0.6156608928303438,,-0.5105175154976173,-0.27157480502428616,-0.6156608928303438,
"4,8",9,12,False,False,hit,0.0009103322712790169,-0.3400132806089356,-0.3400132806089356,-0.5431496811311094,-0.3400132806089356,-0.7375056210491795,,-0.5431496811311094,-0.3400132806089356,-0.7375056210491795,
"4,8",10,12,False,False,hit,0.0036413290851160674,-0.4286550703213117,-0.38104299284808774,-0.5757818467646016,-0.4286550703213117,-0.812468237297146,,-0.5404303339949851,-0.38104299284808774,-0.7968405904052415,
"4,9",1,13,False,False,hit,0.0009103322712790169,-0.5824902188543372,-0.39693031612293145,-0.769427459397661,-0.5824902188543372,-0.9173261934548256,,-0.6669507746855103,-0.39693031612293145,-0.8805822794347481,
"4,9",2,13,False,False,stand,0.0009103322712790169,-0.29278372720927737,-0.29278372720927737,-0.29278372720927737,-0.30779123771977057,-0.6155824754395411,,-0.29278372720927737,-0.30779123771977057,-0.6155824754395411,
"4,9",3,13,False,False,stand,0.0009103322712790169,-0.25225022923571355,-0.25225022923571355,-0.25225022923571355,-0.29121011293380095,-0.5824202258676019,,-0.25225022923571355,-0.29121011293380095,-0.5824202258676019,
"4,9",4,13,False,False,stand,0.0009103322712790169,-0.21106310899491437,-0.21106310899491437,-0.21106310899491437,-0.2742240063993143,-0.5484480127986286,,-0.21106310899491437,-0.2742240063993143,-0.5484480127986286,
"4,9",5,13,False,False,stand,0.0009103322712790169,-0.16719266083547535,-0.16719266083547535,-0.16719266083547535,-0.2573332724389392,-0.5146665448778784,,-0.16719266083547535,-0.2573332724389392,-0.5146665448778784,
"4,9",6,13,False,False,stand,0.0009103322712790169,-0.15369901583000453,-0.15369901583000453,-0.15369901583000453,-0.23562627561296381,-0.47125255122592763,,-0.15369901583000453,-0.23562627561296381,-0.47125255122592763,
"4,9",7,13,False,False,hit,0.0009103322712790169,-0.2690728777660775,-0.2690728777660775,-0.47537518327693334,-0.2690728777660775,-0.5874231313418175,,-0.47537518327693334,-0.2690728777660775,-0.5874231313418175,
"4,9",8,13,False,False,hit,0.0009103322712790169,-0.32360517609398004,-0.32360517609398004,-0.5105175154976173,-0.32360517609398004,-0.6909658904460949,,-0.5105175154976173,-0.32360517609398004,-0.6909658904460949,
"4,9",9,13,False,False,hit,0.0009103322712790169,-0.38715518913686875,-0.38715518913686875,-0.5431496811311094,-0.38715518913686875,-0.8077902854905473,,-0.5431496811311094,-0.38715518913686875,-0.8077902854905473,
"4,9",10,13,False,False,hit,0.0036413290851160674,-0.469465422441218,-0.4252542076446529,-0.5757818467646016,-0.469465422441218,-0.8777325685641304,,-0.5404303339949851,-0.4252542076446529,-0.8675436159444746,
"4,10",1,14,False,False,hit,0.0036413290851160674,-0.6123123460790274,-0.44000672211415065,-0.769427459397661,-0.6123123460790274,-0.9527988920090316,,-0.6669507746855103,-0.44000672211415065,-0.9318206217908234,
"4,10",2,14,False,False,stand,0.0036413290851160674,-0.29278372720927737,-0.29278372720927737,-0.29278372720927737,-0.3621924894729031,-0.7243849789458062,,-0.29278372720927737,-0.3621924894729031,-0.7243849789458062,
"4,10",3,14,False,False,stand,0.0036413290851160674,-0.25225022923571355,-0.25225022923571355,-0.25225022923571355,-0.3487293260695153,-0.6974586521390306,,-0.25225022923571355,-0.3487293260695153,-0.6974586521390306,
"4,10",4,14,False,False,stand,0.0036413290851160674,-0.21106310899491437,-0.21106310899491437,-0.21106310899491437,-0.33491145955355167,-0.6698229191071033,,-0.21106310899491437,-0.33491145955355167,-0.6698229191071033,
"4,10",5,14,False,False,stand,0.0036413290851160674,-0.16719266083547535,-0.16719266083547535,-0.16719266083547535,-0.32139537545159497,-0.6427907509031899,,-0.16719266083547535,-0.32139537545159497,-0.6427907509031899,
"4,10",6,14,False,False,stand,0.0036413290851160674,-0.15369901583000453,-0.15369901583000453,-0.15369901583000453,-0.3007263513183481,-0.6014527026366961,,-0.15369901583000453,-0.3007263513183481,-0.6014527026366961,
"4,10",7,14,False,False,hit,0.0036413290851160674,-0.32128195792564346,-0.32128195792564346,-0.47537518327693334,-0.32128195792564346,-0.6681346416069046,,-0.47537518327693334,-0.32128195792564346,-0.6681346416069046,
"4,10",8,14,False,False,hit,0.0036413290851160674,-0.37191909208726714,-0.37191909208726714,-0.5105175154976173,-0.37191909208726714,-0.7662708880618461,,-0.5105175154976173,-0.37191909208726714,-0.7662708880618461,
"4,10",9,14,False,False,hit,0.0036413290851160674,-0.4309298184842353,-0.4309298184842353,-0.5431496811311094,-0.4309298184842353,-0.878074949931915,,-0.5431496811311094,-0.4309298184842353,-0.878074949931915,
"4,10",10,14,False,False,hit,0.01456531634046427,-0.5073607494097024,-0.4663074785271777,-0.5757818467646016,-0.5073607494097024,-0.9429968998311148,,-0.5404303339949851,-0.4663074785271777,-0.9382466414837076,
"5,5",1,10,False,False,hit,0.0004551661356395084,-0.25130404834557823,0.08144970794527591,-0.769427459397661,-0.25130404834557823,-0.31741394752928503,-0.6934109812255965,-0.6669507746855103,0.08144970794527591,-0.01404236865341169,-0.5571491951036394
"5,5",2,10,False,False,double,0.0004551661356395084,0.3589394124422991,0.3589394124422991,-0.29278372720927737,0.18249999400904487,0.3589394124422991,-0.19354965838671145,-0.29278372720927737,0.18249999400904487,0.3589394124422991,-0.19354965838671145
"5,5",3,10,False,False,double,0.0004551661356395084,0.40932067017593915,0.40932067017593915,-0.25225022923571355,0.20608797581394087,0.40932067017593915,-0.11673517270940212,-0.25225022923571355,0.20608797581394087,0.40932067017593915,-0.11673517270940212
"5,5",4,10,False,False,double,0.0004551661356395084,0.46094024379435383,0.46094024379435383,-0.21106310899491437,0.23047012189717692,0.46094024379435383,-0.032972744105082684,-0.21106310899491437,0.23047012189717692,0.46094024379435383,-0.032972744105082684
"5,5",5,10,False,False,double,0.0004551661356395084,0.5125171090032675,0.5125171090032675,-0.16719266083547535,0.25625855450163376,0.5125171090032675,0.059909613271657766,-0.16719266083547535,0.25625855450163376,0.5125171090032675,0.059909613271657766
"5,5",6,10,False,False,double,0.0004551661356395084,0.5755901685977685,0.5755901685977685,-0.15369901583000453,0.28779508429888423,0.5755901685977685,0.12431163025768802,-0.15369901583000453,0.28779508429888423,0.5755901685977685,0.12431163025768802
"5,5",7,10,False,False,double,0.0004551661356395084,0.39241245528243757,0.39241245528243757,-0.47537518327693334,0.2569087443360865,0.39241245528243757,-0.1917801655092773,-0.47537518327693334,0.2569087443360865,0.39241245528243757,-0.1917801655092773
"5,5",8,10,False,False,double,0.0004551661356395084,0.2866357168862836,0.2866357168862836,-0.5105175154976173,0.19795370833197604,0.2866357168862836,-0.3439723840985812,-0.5105175154976173,0.19795370833197604,0.2866357168862836,-0.3439723840985812
"5,5",9,10,False,False,double,0.0004551661356395084,0.1443283683807711,0.1443283683807711,-0.5431496811311094,0.11652959106928386,0.1443283683807711,-0.5182570171761002,-0.5431496811311094,0.11652959106928386,0.1443283683807711,-0.5182570171761002
"5,5",10,10,False,False,hit,0.0018206645425580337,-0.05356136334689098,0.0253085230408681,-0.5757818467646016,-0.05356136334689098,-0.08491571203188754,-0.6469791527238616,-0.5404303339949851,0.0253085230408681,-0.008658688034544837,-0.6175607487841834
"5,6",1,11,False,False,hit,0.0009103322712790169,-0.20869142004201754,0.14300128216153024,-0.769427459397661,-0.20869142004201754,-0.23218869092216365,,-0.6669507746855103,0.14300128216153024,0.10906077977909696,
"5,6",2,11,False,False,double,0.0009103322712790169,0.47064092333946883,0.47064092333946883,-0.29278372720927737,0.23835074945762974,0.47064092333946883,,-0.29278372720927737,0.23835074945762974,0.47064092333946883,
"5,6",3,11,False,False,double,0.0009103322712790169,0.5177952531222166,0.5177952531222166,-0.25225022923571355,0.26032526728707966,0.5177952531222166,,-0.25225022923571355,0.26032526728707966,0.5177952531222166,
"5,6",4,11,False,False,double,0.0009103322712790169,0.5660405504179759,0.5660405504179759,-0.21106310899491437,0.2830202752089879,0.5660405504179759,,-0.21106310899491437,0.2830202752089879,0.5660405504179759,
"5,6",5,11,False,False,double,0.0009103322712790169,0.6146990179090277,0.6146990179090277,-0.16719266083547535,0.30734950895451385,0.6146990179090277,,-0.16719266083547535,0.30734950895451385,0.6146990179090277,
"5,6",6,11,False,False,double,0.0009103322712790169,0.6673800949075693,0.6673800949075693,-0.15369901583000453,0.33369004745378467,0.6673800949075693,,-0.15369901583000453,0.33369004745378467,0.6673800949075693,
"5,6",7,11,False,False,double,0.0009103322712790169,0.4628889488642907,0.4628889488642907,-0.47537518327693334,0.2921469911270131,0.4628889488642907,,-0.47537518327693334,0.2921469911270131,0.4628889488642907,
"5,6",8,11,False,False,double,0.0009103322712790169,0.3506925908703149,0.3506925908703149,-0.5105175154976173,0.2299821453239917,0.3506925908703149,,-0.5105175154976173,0.2299821453239917,0.3506925908703149,
"5,6",9,11,False,False,double,0.0009103322712790169,0.22778342315245476,0.22778342315245476,-0.5431496811311094,0.1582571184551257,0.22778342315245476,,-0.5431496811311094,0.1582571184551257,0.22778342315245476,
"5,6",10,11,False,False,double,0.0036413290851160674,0.08894344068721177,0.17968872741114608,-0.5757818467646016,0.03336821301265867,0.08894344068721177,,-0.5404303339949851,0.11948223076371356,0.17968872741114608,
"5,7",1,12,False,False,hit,0.0009103322712790169,-0.5503740818431323,-0.35054034044008003,-0.769427459397661,-0.5503740818431323,-0.8818534949006196,,-0.6669507746855103,-0.35054034044008003,-0.8293439370786727,
"5,7",2,12,False,False,hit,0.0009103322712790169,-0.2533899859666381,-0.2533899859666381,-0.29278372720927737,-0.2533899859666381,-0.5067799719332762,,-0.29278372720927737,-0.2533899859666381,-0.5067799719332762,
"5,7",3,12,False,False,hit,0.0009103322712790169,-0.23369089979808663,-0.23369089979808663,-0.25225022923571355,-0.23369089979808663,-0.46738179959617326,,-0.25225022923571355,-0.23369089979808663,-0.46738179959617326,
"5,7",4,12,False,False,stand,0.0009103322712790169,-0.21106310899491437,-0.21106310899491437,-0.21106310899491437,-0.21353655324507698,-0.42707310649015395,,-0.21106310899491437,-0.21353655324507698,-0.42707310649015395,
"5,7",5,12,False,False,stand,0.0009103322712790169,-0.16719266083547535,-0.16719266083547535,-0.16719266083547535,-0.19327116942628347,-0.38654233885256695,,-0.16719266083547535,-0.19327116942628347,-0.38654233885256695,
"5,7",6,12,False,False,stand,0.0009103322712790169,-0.15369901583000453,-0.15369901583000453,-0.15369901583000453,-0.17052619990757956,-0.3410523998151591,,-0.15369901583000453,-0.17052619990757956,-0.3410523998151591,
"5,7",7,12,False,False,hit,0.0009103322712790169,-0.2128477145173143,-0.2128477145173143,-0.47537518327693334,-0.2128477145173143,-0.5067116210767303,,-0.47537518327693334,-0.2128477145173143,-0.5067116210767303,
"5,7",8,12,False,False,hit,0.0009103322712790169,-0.27157480502428616,-0.27157480502428616,-0.5105175154976173,-0.27157480502428616,-0.6156608928303438,,-0.5105175154976173,-0.27157480502428616,-0.6156608928303438,
"5,7",9,12,False,False,hit,0.0009103322712790169,-0.3400132806089356,-0.3400132806089356,-0.5431496811311094,-0.3400132806089356,-0.7375056210491795,,-0.5431496811311094,-0.3400132806089356,-0.7375056210491795,
"5,7",10,12,False,False,hit,0.0036413290851160674,-0.4286550703213117,-0.38104299284808774,-0.5757818467646016,-0.4286550703213117,-0.812468237297146,,-0.5404303339949851,-0.38104299284808774,-0.7968405904052415,
"5,8",1,13,False,False,hit,0.0009103322712790169,-0.5824902188543372,-0.39693031612293145,-0.769427459397661,-0.5824902188543372,-0.9173261934548256,,-0.6669507746855103,-0.39693031612293145,-0.8805822794347481,
"5,8",2,13,False,False,stand,0.0009103322712790169,-0.29278372720927737,-0.29278372720927737,-0.29278372720927737,-0.30779123771977057,-0.6155824754395411,,-0.29278372720927737,-0.30779123771977057,-0.6155824754395411,
"5,8",3,13,False,False,stand,0.0009103322712790169,-0.25225022923571355,-0.25225022923571355,-0.25225022923571355,-0.29121011293380095,-0.5824202258676019,,-0.25225022923571355,-0.29121011293380095,-0.5824202258676019,
"5,8",4,13,False,False,stand,0.0009103322712790169,-0.21106310899491437,-0.21106310899491437,-0.21106310899491437,-0.2742240063993143,-0.5484480127986286,,-0.21106310899491437,-0.2742240063993143,-0.5484480127986286,
"5,8",5,13,False,False,stand,0.0009103322712790169,-0.16719266083547535,-0.16719266083547535,-0.16719266083547535,-0.2573332724389392,-0.5146665448778784,,-0.16719266083547535,-0.2573332724389392,-0.5146665448778784,
"5,8",6,13,False,False,stand,0.0009103322712790169,-0.15369901583000453,-0.15369901583000453,-0.15369901583000453,-0.23562627561296381,-0.47125255122592763,,-0.15369901583000453,-0.23562627561296381,-0.47125255122592763,
"5,8",7,13,False,False,hit,0.0009103322712790169,-0.2690728777660775,-0.2690728777660775,-0.47537518327693334,-0.2690728777660775,-0.5874231313418175,,-0.47537518327693334,-0.2690728777660775,-0.5874231313418175,
"5,8",8,13,False,False,hit,0.0009103322712790169,-0.32360517609398004,-0.32360517609398004,-0.5105175154976173,-0.32360517609398004,-0.6909658904460949,,-0.5105175154976173,-0.32360517609398004,-0.6909658904460949,
"5,8",9,13,False,False,hit,0.0009103322712790169,-0.38715518913686875,-0.38715518913686875,-0.5431496811311094,-0.38715518913686875,-0.8077902854905473,,-0.5431496811311094,-0.38715518913686875,-0.8077902854905473,
"5,8",10,13,False,False,hit,0.0036413290851160674,-0.469465422441218,-0.4252542076446529,-0.5757818467646016,-0.469465422441218,-0.8777325685641304,,-0.5404303339949851,-0.4252542076446529,-0.8675436159444746,
"5,9",1,14,False,False,hit,0.0009103322712790169,-0.6123123460790274,-0.44000672211415065,-0.769427459397661,-0.6123123460790274,-0.9527988920090316,,-0.6669507746855103,-0.44000672211415065,-0.9318206217908234,
"5,9",2,14,False,False,stand,0.0009103322712790169,-0.29278372720927737,-0.29278372720927737,-0.29278372720927737,-0.3621924894729031,-0.7243849789458062,,-0.29278372720927737,-0.3621924894729031,-0.7243849789458062,
"5,9",3,14,False,False,stand,0.0009103322712790169,-0.25225022923571355,-0.25225022923571355,-0.25225022923571355,-0.3487293260695153,-0.6974586521390306,,-0.25225022923571355,-0.3487293260695153,-0.6974586521390306,
"5,9",4,14,False,False,stand,0.0009103322712790169,-0.21106310899491437,-0.21106310899491437,-0.21106310899491437,-0.33491145955355167,-0.6698229191071033,,-0.21106310899491437,-0.33491145955355167,-0.6698229191071033,
"5,9",5,14,False,False,stand,0.0009103322712790169,-0.16719266083547535,-0.16719266083547535,-0.16719266083547535,-0.32139537545159497,-0.6427907509031899,,-0.16719266083547535,-0.32139537545159497,-0.6427907509031899,
"5,9",6,14,False,False,stand,0.0009103322712790169,-0.15369901583000453,-0.15369901583000453,-0.15369901583000453,-0.3007263513183481,-0.6014527026366961,,-0.15369901583000453,-0.3007263513183481,-0.6014527026366961,
"5,9",7,14,False,False,hit,0.0009103322712790169,-0.32128195792564346,-0.32128195792564346,-0.47537518327693334,-0.32128195792564346,-0.6681346416069046,,-0.47537518327693334,-0.32128195792564346,-0.6681346416069046,
"5,9",8,14,False,False,hit,0.0009103322712790169,-0.37191909208726714,-0.37191909208726714,-0.5105175154976173,-0.37191909208726714,-0.7662708880618461,,-0.5105175154976173,-0.37191909208726714,-0.7662708880618461,
"5,9",9,14,False,False,hit,0.0009103322712790169,-0.4309298184842353,-0.4309298184842353,-0.5431496811311094,-0.4309298184842353,-0.878074949931915,,-0.5431496811311094,-0.4309298184842353,-0.878074949931915,
"5,9",10,14,False,False,hit,0.0036413290851160674,-0.5073607494097024,-0.4663074785271777,-0.5757818467646016,-0.5073607494097024,-0.9429968998311148,,-0.5404303339949851,-0.4663074785271777,-0.9382466414837076,
"5,10",1,15,False,False,hit,0.0036413290851160674,-0.6400043213590968,-0.4800062419631399,-0.769427459397661,-0.6400043213590968,-0.9882715905632375,,-0.6669507746855103,-0.4800062419631399,-0.9830589641468988,
"5,10",2,15,False,False,stand,0.0036413290851160674,-0.29278372720927737,-0.29278372720927737,-0.29278372720927737,-0.4165937412260356,-0.8331874824520712,,-0.29278372720927737,-0.4165937412260356,-0.8331874824520712,
"5,10",3,15,False,False,stand,0.0036413290851160674,-0.25225022923571355,-0.25225022923571355,-0.25225022923571355,-0.40624853920522963,-0.8124970784104593,,-0.25225022923571355,-0.40624853920522963,-0.8124970784104593,
"5,10",4,15,False,False,stand,0.0036413290851160674,-0.21106310899491437,-0.21106310899491437,-0.21106310899491437,-0.3955989127077891,-0.7911978254155781,,-0.21106310899491437,-0.3955989127077891,-0.7911978254155781,
"5,10",5,15,False,False,stand,0.0036413290851160674,-0.16719266083547535,-0.16719266083547535,-0.16719266083547535,-0.3854574784642507,-0.7709149569285014,,-0.16719266083547535,-0.3854574784642507,-0.7709149569285014,
"5,10",6,15,False,False,stand,0.0036413290851160674,-0.15369901583000453,-0.15369901583000453,-0.15369901583000453,-0.36582642702373236,-0.7316528540474647,,-0.15369901583000453,-0.36582642702373236,-0.7316528540474647,
"5,10",7,15,False,False,hit,0.0036413290851160674,-0.36976181807381175,-0.36976181807381175,-0.47537518327693334,-0.36976181807381175,-0.7488461518719918,,-0.47537518327693334,-0.36976181807381175,-0.7488461518719918,
"5,10",8,15,False,False,hit,0.0036413290851160674,-0.41678201408103377,-0.41678201408103377,-0.5105175154976173,-0.41678201408103377,-0.8415758856775972,,-0.5105175154976173,-0.41678201408103377,-0.8415758856775972,
"5,10",9,15,False,False,hit,0.0036413290851160674,-0.4715776885925042,-0.4715776885925042,-0.5431496811311094,-0.4715776885925042,-0.9483596143732829,,-0.5431496811311094,-0.4715776885925042,-0.9483596143732829,
"5,10",10,15,False,False,hit,0.01456531634046427,-0.5425492673090094,-0.5044283729180936,-0.5757818467646016,-0.5425492673090094,-1.0082612310980992,,-0.5404303339949851,-0.5044283729180936,-1.0089496670229408,
"6,6",1,12,False,False,hit,0.0004551661356395084,-0.5503740818431323,-0.35054034044008003,-0.769427459397661,-0.5503740818431323,-0.8818534949006196,-0.728818412120199,-0.6669507746855103,-0.35054034044008003,-0.8293439370786727,-0.6082932619513987
"6,6",2,12,False,False,split,0.0004551661356395084,-0.2186367591792563,-0.2186367591792563,-0.29278372720927737,-0.2533899859666381,-0.5067799719332762,-0.2186367591792563,-0.29278372720927737,-0.2533899859666381,-0.5067799719332762,-0.2186367591792563
"6,6",3,12,False,False,split,0.0004551661356395084,-0.13667841243230403,-0.13667841243230403,-0.25225022923571355,-0.23369089979808663,-0.46738179959617326,-0.13667841243230403,-0.25225022923571355,-0.23369089979808663,-0.46738179959617326,-0.13667841243230403
"6,6",4,12,False,False,split,0.0004551661356395084,-0.04955971072969633,-0.04955971072969633,-0.21106310899491437,-0.21353655324507698,-0.42707310649015395,-0.04955971072969633,-0.21106310899491437,-0.21353655324507698,-0.42707310649015395,-0.04955971072969633
"6,6",5,12,False,False,split,0.0004551661356395084,0.0439869009935555,0.0439869009935555,-0.16719266083547535,-0.19327116942628347,-0.38654233885256695,0.0439869009935555,-0.16719266083547535,-0.19327116942628347,-0.38654233885256695,0.0439869009935555
"6,6",6,12,False,False,split,0.0004551661356395084,0.10792266460833687,0.10792266460833687,-0.15369901583000453,-0.17052619990757956,-0.3410523998151591,0.10792266460833687,-0.15369901583000453,-0.17052619990757956,-0.3410523998151591,0.10792266460833687
"6,6",7,12,False,False,hit,0.0004551661356395084,-0.2128477145173143,-0.2128477145173143,-0.47537518327693334,-0.2128477145173143,-0.5067116210767303,-0.2567506962143792,-0.47537518327693334,-0.2128477145173143,-0.5067116210767303,-0.2567506962143792
"6,6",8,12,False,False,hit,0.0004551661356395084,-0.27157480502428616,-0.27157480502428616,-0.5105175154976173,-0.27157480502428616,-0.6156608928303438,-0.40226953893378026,-0.5105175154976173,-0.27157480502428616,-0.6156608928303438,-0.40226953893378026
"6,6",9,12,False,False,hit,0.0004551661356395084,-0.3400132806089356,-0.3400132806089356,-0.5431496811311094,-0.3400132806089356,-0.7375056210491795,-0.5703083108556342,-0.5431496811311094,-0.3400132806089356,-0.7375056210491795,-0.5703083108556342
"6,6",10,12,False,False,hit,0.0018206645425580337,-0.4286550703213117,-0.38104299284808774,-0.5757818467646016,-0.4286550703213117,-0.812468237297146,-0.6919104702871299,-0.5404303339949851,-0.38104299284808774,-0.7968405904052415,-0.6662363428110575
"6,7",1,13,False,False,hit,0.0009103322712790169,-0.5824902188543372,-0.39693031612293145,-0.769427459397661,-0.5824902188543372,-0.9173261934548256,,-0.6669507746855103,-0.39693031612293145,-0.8805822794347481,
"6,7",2,13,False,False,stand,0.0009103322712790169,-0.29278372720927737,-0.29278372720927737,-0.29278372720927737,-0.30779123771977057,-0.6155824754395411,,-0.29278372720927737,-0.30779123771977057,-0.6155824754395411,
"6,7",3,13,False,False,stand,0.0009103322712790169,-0.25225022923571355,-0.25225022923571355,-0.25225022923571355,-0.29121011293380095,-0.5824202258676019,,-0.25225022923571355,-0.29121011293380095,-0.5824202258676019,
"6,7",4,13,False,False,stand,0.0009103322712790169,-0.21106310899491437,-0.21106310899491437,-0.21106310899491437,-0.2742240063993143,-0.5484480127986286,,-0.21106310899491437,-0.2742240063993143,-0.5484480127986286,
"6,7",5,13,False,False,stand,0.0009103322712790169,-0.16719266083547535,-0.16719266083547535,-0.16719266083547535,-0.2573332724389392,-0.5146665448778784,,-0.16719266083547535,-0.2573332724389392,-0.5146665448778784,
"6,7",6,13,False,False,stand,0.0009103322712790169,-0.15369901583000453,-0.15369901583000453,-0.15369901583000453,-0.23562627561296381,-0.47125255122592763,,-0.15369901583000453,-0.23562627561296381,-0.47125255122592763,
"6,7",7,13,False,False,hit,0.0009103322712790169,-0.2690728777660775,-0.2690728777660775,-0.47537518327693334,-0.2690728777660775,-0.5874231313418175,,-0.47537518327693334,-0.2690728777660775,-0.5874231313418175,
"6,7",8,13,False,False,hit,0.0009103322712790169,-0.32360517609398004,-0.32360517609398004,-0.5105175154976173,-0.32360517609398004,-0.6909658904460949,,-0.5105175154976173,-0.32360517609398004,-0.6909658904460949,
"6,7",9,13,False,False,hit,0.0009103322712790169,-0.38715518913686875,-0.38715518913686875,-0.5431496811311094,-0.38715518913686875,-0.8077902854905473,,-0.5431496811311094,-0.38715518913686875,-0.8077902854905473,
"6,7",10,13,False,False,hit,0.0036413290851160674,-0.469465422441218,-0.4252542076446529,-0.5757818467646016,-0.469465422441218,-0.8777325685641304,,-0.5404303339949851,-0.4252542076446529,-0.8675436159444746,
"6,8",1,14,False,False,hit,0.0009103322712790169,-0.6123123460790274,-0.44000672211415065,-0.769427459397661,-0.6123123460790274,-0.9527988920090316,,-0.6669507746855103,-0.44000672211415065,-0.9318206217908234,
"6,8",2,14,False,False,stand,0.0009103322712790169,-0.29278372720927737,-0.29278372720927737,-0.29278372720927737,-0.3621924894729031,-0.7243849789458062,,-0.29278372720927737,-0.3621924894729031,-0.7243849789458062,
"6,8",3,14,False,False,stand,0.0009103322712790169,-0.25225022923571355,-0.25225022923571355,-0.25225022923571355,-0.3487293260695153,-0.6974586521390306,,-0.25225022923571355,-0.3487293260695153,-0.6974586521390306,
"6,8",4,14,False,False,stand,0.0009103322712790169,-0.21106310899491437,-0.21106310899491437,-0.21106310899491437,-0.33491145955355167,-0.6698229191071033,,-0.21106310899491437,-0.33491145955355167,-0.6698229191071033,
"6,8",5,14,False,False,stand,0.0009103322712790169,-0.16719266083547535,-0.16719266083547535,-0.16719266083547535,-0.32139537545159497,-0.6427907509031899,,-0.16719266083547535,-0.32139537545159497,-0.6427907509031899,
"6,8",6,14,False,False,stand,0.0009103322712790169,-0.15369901583000453,-0.15369901583000453,-0.15369901583000453,-0.3007263513183481,-0.6014527026366961,,-0.15369901583000453,-0.3007263513183481,-0.6014527026366961,
"6,8",7,14,False,False,hit,0.0009103322712790169,-0.32128195792564346,-0.32128195792564346,-0.47537518327693334,-0.32128195792564346,-0.6681346416069046,,-0.47537518327693334,-0.32128195792564346,-0.6681346416069046,
"6,8",8,14,False,False,hit,0.0009103322712790169,-0.37191909208726714,-0.37191909208726714,-0.5105175154976173,-0.37191909208726714,-0.7662708880618461,,-0.5105175154976173,-0.37191909208726714,-0.7662708880618461,
"6,8",9,14,False,False,hit,0.0009103322712790169,-0.4309298184842353,-0.4309298184842353,-0.5431496811311094,-0.4309298184842353,-0.878074949931915,,-0.5431496811311094,-0.4309298184842353,-0.878074949931915,
"6,8",10,14,False,False,hit,0.0036413290851160674,-0.5073607494097024,-0.4663074785271777,-0.5757818467646016,-0.5073607494097024,-0.9429968998311148,,-0.5404303339949851,-0.4663074785271777,-0.9382466414837076,
"6,9",1,15,False,False,hit,0.0009103322712790169,-0.6400043213590968,-0.4800062419631399,-0.769427459397661,-0.6400043213590968,-0.9882715905632375,,-0.6669507746855103,-0.4800062419631399,-0.9830589641468988,
"6,9",2,15,False,False,stand,0.0009103322712790169,-0.29278372720927737,-0.29278372720927737,-0.29278372720927737,-0.4165937412260356,-0.8331874824520712,,-0.29278372720927737,-0.4165937412260356,-0.8331874824520712,
"6,9",3,15,False,False,stand,0.0009103322712790169,-0.25225022923571355,-0.25225022923571355,-0.25225022923571355,-0.40624853920522963,-0.8124970784104593,,-0.25225022923571355,-0.40624853920522963,-0.8124970784104593,
"6,9",4,15,False,False,stand,0.0009103322712790169,-0.21106310899491437,-0.21106310899491437,-0.21106310899491437,-0.3955989127077891,-0.7911978254155781,,-0.21106310899491437,-0.3955989127077891,-0.7911978254155781,
"6,9",5,15,False,False,stand,0.0009103322712790169,-0.16719266083547535,-0.16719266083547535,-0.16719266083547535,-0.3854574784642507,-0.7709149569285014,,-0.16719266083547535,-0.3854574784642507,-0.7709149569285014,
"6,9",6,15,False,False,stand,0.0009103322712790169,-0.15369901583000453,-0.15369901583000453,-0.15369901583000453,-0.36582642702373236,-0.7316528540474647,,-0.15369901583000453,-0.36582642702373236,-0.7316528540474647,
"6,9",7,15,False,False,hit,0.0009103322712790169,-0.36976181807381175,-0.36976181807381175,-0.47537518327693334,-0.36976181807381175,-0.7488461518719918,,-0.47537518327693334,-0.36976181807381175,-0.7488461518719918,
"6,9",8,15,False,False,hit,0.0009103322712790169,-0.41678201408103377,-0.41678201408103377,-0.5105175154976173,-0.41678201408103377,-0.8415758856775972,,-0.5105175154976173,-0.41678201408103377,-0.8415758856775972,
"6,9",9,15,False,False,hit,0.0009103322712790169,-0.4715776885925042,-0.4715776885925042,-0.5431496811311094,-0.4715776885925042,-0.9483596143732829,,-0.5431496811311094,-0.4715776885925042,-0.9483596143732829,
"6,9",10,15,False,False,hit,0.0036413290851160674,-0.5425492673090094,-0.5044283729180936,-0.5757818467646016,-0.5425492673090094,-1.0082612310980992,,-0.5404303339949851,-0.5044283729180936,-1.0089496670229408,
"6,10",1,16,False,False,hit,0.0036413290851160674,-0.6657182984048756,-0.5171486532514871,-0.769427459397661,-0.6657182984048756,-1.0237442891174435,,-0.6669507746855103,-0.5171486532514871,-1.0342973065029741,
"6,10",2,16,False,False,stand,0.0036413290851160674,-0.29278372720927737,-0.29278372720927737,-0.29278372720927737,-0.47099499297916814,-0.9419899859583363,,-0.29278372720927737,-0.47099499297916814,-0.9419899859583363,
"6,10",3,16,False,False,stand,0.0036413290851160674,-0.25225022923571355,-0.25225022923571355,-0.25225022923571355,-0.463767752340944,-0.927535504681888,,-0.25225022923571355,-0.463767752340944,-0.927535504681888,
"6,10",4,16,False,False,stand,0.0036413290851160674,-0.21106310899491437,-0.21106310899491437,-0.21106310899491437,-0.4562863658620264,-0.9125727317240528,,-0.21106310899491437,-0.4562863658620264,-0.9125727317240528,
"6,10",5,16,False,False,stand,0.0036413290851160674,-0.16719266083547535,-0.16719266083547535,-0.16719266083547535,-0.44951958147690646,-0.8990391629538129,,-0.16719266083547535,-0.44951958147690646,-0.8990391629538129,
"6,10",6,16,False,False,stand,0.0036413290851160674,-0.15369901583000453,-0.15369901583000453,-0.15369901583000453,-0.43092650272911664,-0.8618530054582333,,-0.15369901583000453,-0.43092650272911664,-0.8618530054582333,
"6,10",7,16,False,False,hit,0.0036413290851160674,-0.4147788310685395,-0.4147788310685395,-0.47537518327693334,-0.4147788310685395,-0.829557662137079,,-0.47537518327693334,-0.4147788310685395,-0.829557662137079,
"6,10",8,16,False,False,hit,0.0036413290851160674,-0.45844044164667425,-0.45844044164667425,-0.5105175154976173,-0.45844044164667425,-0.9168808832933485,,-0.5105175154976173,-0.45844044164667425,-0.9168808832933485,
"6,10",9,16,False,False,hit,0.0036413290851160674,-0.5093221394073253,-0.5093221394073253,-0.5431496811311094,-0.5093221394073253,-1.0186442788146506,,-0.5431496811311094,-0.5093221394073253,-1.0186442788146506,
"6,10",10,16,False,False,hit,0.01456531634046427,-0.5752243196440802,-0.5398263462810868,-0.5757818467646016,-0.5752243196440802,-1.0735255623650835,,-0.5404303339949851,-0.5398263462810868,-1.0796526925621737,
"7,7",1,14,False,False,hit,0.0004551661356395084,-0.6123123460790274,-0.44000672211415065,-0.769427459397661,-0.6123123460790274,-0.9527988920090316,-0.7370222850745743,-0.6669507746855103,-0.44000672211415065,-0.9318206217908234,-0.620143300663274
"7,7",2,14,False,False,split,0.0004551661356395084,-0.15548537999244916,-0.15548537999244916,-0.29278372720927737,-0.3621924894729031,-0.7243849789458062,-0.15548537999244916,-0.29278372720927737,-0.3621924894729031,-0.7243849789458062,-0.15548537999244916
"7,7",3,14,False,False,split,0.0004551661356395084,-0.07476665078956085,-0.07476665078956085,-0.25225022923571355,-0.3487293260695153,-0.6974586521390306,-0.07476665078956085,-0.25225022923571355,-0.3487293260695153,-0.6974586521390306,-0.07476665078956085
"7,7",4,14,False,False,split,0.0004551661356395084,0.010511467456082547,0.010511467456082547,-0.21106310899491437,-0.33491145955355167,-0.6698229191071033,0.010511467456082547,-0.21106310899491437,-0.33491145955355167,-0.6698229191071033,0.010511467456082547
"7,7",5,14,False,False,split,0.0004551661356395084,0.09996462168792986,0.09996462168792986,-0.16719266083547535,-0.32139537545159497,-0.6427907509031899,0.09996462168792986,-0.16719266083547535,-0.32139537545159497,-0.6427907509031899,0.09996462168792986
"7,7",6,14,False,False,split,0.0004551661356395084,0.18769123920448352,0.18769123920448352,-0.15369901583000453,-0.3007263513183481,-0.6014527026366961,0.18769123920448352,-0.15369901583000453,-0.3007263513183481,-0.6014527026366961,0.18769123920448352
"7,7",7,14,False,False,split,0.0004551661356395084,-0.09050088090183582,-0.09050088090183582,-0.47537518327693334,-0.32128195792564346,-0.6681346416069046,-0.09050088090183582,-0.47537518327693334,-0.32128195792564346,-0.6681346416069046,-0.09050088090183582
"7,7",8,14,False,False,hit,0.0004551661356395084,-0.37191909208726714,-0.37191909208726714,-0.5105175154976173,-0.37191909208726714,-0.7662708880618461,-0.3889953137409101,-0.5105175154976173,-0.37191909208726714,-0.7662708880618461,-0.3889953137409101
"7,7",9,14,False,False,hit,0.0004551661356395084,-0.4309298184842353,-0.4309298184842353,-0.5431496811311094,-0.4309298184842353,-0.878074949931915,-0.5557577914339354,-0.5431496811311094,-0.4309298184842353,-0.878074949931915,-0.5557577914339354
"7,7",10,14,False,False,hit,0.0018206645425580337,-0.5073607494097024,-0.4663074785271777,-0.5757818467646016,-0.5073607494097024,-0.9429968998311148,-0.6573972721700784,-0.5404303339949851,-0.4663074785271777,-0.9382466414837076,-0.6288470448509182
"7,8",1,15,False,False,hit,0.0009103322712790169,-0.6400043213590968,-0.4800062419631399,-0.769427459397661,-0.6400043213590968,-0.9882715905632375,,-0.6669507746855103,-0.4800062419631399,-0.9830589641468988,
"7,8",2,15,False,False,stand,0.0009103322712790169,-0.29278372720927737,-0.29278372720927737,-0.29278372720927737,-0.4165937412260356,-0.8331874824520712,,-0.29278372720927737,-0.4165937412260356,-0.8331874824520712,
"7,8",3,15,False,False,stand,0.0009103322712790169,-0.25225022923571355,-0.25225022923571355,-0.25225022923571355,-0.40624853920522963,-0.8124970784104593,,-0.25225022923571355,-0.40624853920522963,-0.8124970784104593,
"7,8",4,15,False,False,stand,0.0009103322712790169,-0.21106310899491437,-0.21106310899491437,-0.21106310899491437,-0.3955989127077891,-0.7911978254155781,,-0.21106310899491437,-0.3955989127077891,-0.7911978254155781,
"7,8",5,15,False,False,stand,0.0009103322712790169,-0.16719266083547535,-0.16719266083547535,-0.16719266083547535,-0.3854574784642507,-0.7709149569285014,,-0.16719266083547535,-0.3854574784642507,-0.7709149569285014,
"7,8",6,15,False,False,stand,0.0009103322712790169,-0.15369901583000453,-0.15369901583000453,-0.15369901583000453,-0.36582642702373236,-0.7316528540474647,,-0.15369901583000453,-0.36582642702373236,-0.7316528540474647,
"7,8",7,15,False,False,hit,0.0009103322712790169,-0.36976181807381175,-0.36976181807381175,-0.47537518327693334,-0.36976181807381175,-0.7488461518719918,,-0.47537518327693334,-0.36976181807381175,-0.7488461518719918,
"7,8",8,15,False,False,hit,0.0009103322712790169,-0.41678201408103377,-0.41678201408103377,-0.5105175154976173,-0.41678201408103377,-0.8415758856775972,,-0.5105175154976173,-0.41678201408103377,-0.8415758856775972,
"7,8",9,15,False,False,hit,0.0009103322712790169,-0.4715776885925042,-0.4715776885925042,-0.5431496811311094,-0.4715776885925042,-0.9483596143732829,,-0.5431496811311094,-0.4715776885925042,-0.9483596143732829,
"7,8",10,15,False,False,hit,0.0036413290851160674,-0.5425492673090094,-0.5044283729180936,-0.5757818467646016,-0.5425492673090094,-1.0082612310980992,,-0.5404303339949851,-0.5044283729180936,-1.0089496670229408,
"7,9",1,16,False,False,hit,0.0009103322712790169,-0.6657182984048756,-0.5171486532514871,-0.769427459397661,-0.6657182984048756,-1.0237442891174435,,-0.6669507746855103,-0.5171486532514871,-1.0342973065029741,
"7,9",2,16,False,False,stand,0.0009103322712790169,-0.29278372720927737,-0.29278372720927737,-0.29278372720927737,-0.47099499297916814,-0.9419899859583363,,-0.29278372720927737,-0.47099499297916814,-0.9419899859583363,
"7,9",3,16,False,False,stand,0.0009103322712790169,-0.25225022923571355,-0.25225022923571355,-0.25225022923571355,-0.463767752340944,-0.927535504681888,,-0.25225022923571355,-0.463767752340944,-0.927535504681888,
"7,9",4,16,False,False,stand,0.0009103322712790169,-0.21106310899491437,-0.21106310899491437,-0.21106310899491437,-0.4562863658620264,-0.9125727317240528,,-0.21106310899491437,-0.4562863658620264,-0.9125727317240528,
"7,9",5,16,False,False,stand,0.0009103322712790169,-0.16719266083547535,-0.16719266083547535,-0.16719266083547535,-0.44951958147690646,-0.8990391629538129,,-0.16719266083547535,-0.44951958147690646,-0.8990391629538129,
"7,9",6,16,False,False,stand,0.0009103322712790169,-0.15369901583000453,-0.15369901583000453,-0.15369901583000453,-0.43092650272911664,-0.8618530054582333,,-0.15369901583000453,-0.43092650272911664,-0.8618530054582333,
"7,9",7,16,False,False,hit,0.0009103322712790169,-0.4147788310685395,-0.4147788310685395,-0.47537518327693334,-0.4147788310685395,-0.829557662137079,,-0.47537518327693334,-0.4147788310685395,-0.829557662137079,
"7,9",8,16,False,False,hit,0.0009103322712790169,-0.45844044164667425,-0.45844044164667425,-0.5105175154976173,-0.45844044164667425,-0.9168808832933485,,-0.5105175154976173,-0.45844044164667425,-0.9168808832933485,
"7,9",9,16,False,False,hit,0.0009103322712790169,-0.5093221394073253,-0.5093221394073253,-0.5431496811311094,-0.5093221394073253,-1.0186442788146506,,-0.5431496811311094,-0.5093221394073253,-1.0186442788146506,
"7,9",10,16,False,False,hit,0.0036413290851160674,-0.5752243196440802,-0.5398263462810868,-0.5757818467646016,-0.5752243196440802,-1.0735255623650835,,-0.5404303339949851,-0.5398263462810868,-1.0796526925621737,
"7,10",1,17,False,False,stand,0.0036413290851160674,-0.6386385596117411,-0.4780334749947371,-0.6386385596117411,-0.6935153322808956,-1.0793383568694834,,-0.4780334749947371,-0.5572999244057381,-1.1145998488114761,
"7,10",2,17,False,False,stand,0.0036413290851160674,-0.15297458768154204,-0.15297458768154204,-0.15297458768154204,-0.5361507939267418,-1.0723015878534836,,-0.15297458768154204,-0.5361507939267418,-1.0723015878534836,
"7,10",3,17,False,False,stand,0.0036413290851160674,-0.11721624142457363,-0.11721624142457363,-0.11721624142457363,-0.5316741953082845,-1.063348390616569,,-0.11721624142457363,-0.5316741953082845,-1.063348390616569,
"7,10",4,17,False,False,stand,0.0036413290851160674,-0.08057337314531614,-0.08057337314531614,-0.08057337314531614,-0.5270114910046944,-1.0540229820093887,,-0.08057337314531614,-0.5270114910046944,-1.0540229820093887,
"7,10",5,17,False,False,stand,0.0036413290851160674,-0.04494137556492456,-0.04494137556492456,-0.04494137556492456,-0.5229856295103738,-1.0459712590207475,,-0.04494137556492456,-0.5229856295103738,-1.0459712590207475,
"7,10",6,17,False,False,stand,0.0036413290851160674,0.011739160673341858,0.011739160673341858,0.011739160673341858,-0.5087525920116813,-1.0175051840233627,,0.011739160673341858,-0.5087525920116813,-1.0175051840233627,
"7,10",7,17,False,False,stand,0.0036413290851160674,-0.10680898948269474,-0.10680898948269474,-0.10680898948269474,-0.483485831877563,-0.966971663755126,,-0.10680898948269474,-0.483485831877563,-0.966971663755126,
"7,10",8,17,False,False,stand,0.0036413290851160674,-0.3819509710484473,-0.3819509710484473,-0.3819509710484473,-0.5059826746429475,-1.011965349285895,,-0.3819509710484473,-0.5059826746429475,-1.011965349285895,
"7,10",9,17,False,False,stand,0.0036413290851160674,-0.4231542396452174,-0.4231542396452174,-0.4231542396452174,-0.5536948902038471,-1.1073897804076942,,-0.4231542396452174,-0.5536948902038471,-1.1073897804076942,
"7,10",10,17,False,False,stand,0.01456531634046427,-0.4643575082419876,-0.4197206339288199,-0.4643575082419876,-0.6164275882408504,-1.1559320995586237,,-0.4197206339288199,-0.5844632205942546,-1.1689264411885092,
"8,8",1,16,False,False,split,0.0004551661356395084,-0.5805014300257649,-0.39405762114832715,-0.769427459397661,-0.6657182984048756,-1.0237442891174435,-0.5805014300257649,-0.6669507746855103,-0.5171486532514871,-1.0342973065029741,-0.39405762114832715
"8,8",2,16,False,False,split,0.0004551661356395084,0.01928509972317217,0.01928509972317217,-0.29278372720927737,-0.47099499297916814,-0.9419899859583363,0.01928509972317217,-0.29278372720927737,-0.47099499297916814,-0.9419899859583363,0.01928509972317217
"8,8",3,16,False,False,split,0.0004551661356395084,0.08688786047625321,0.08688786047625321,-0.25225022923571355,-0.463767752340944,-0.927535504681888,0.08688786047625321,-0.25225022923571355,-0.463767752340944,-0.927535504681888,0.08688786047625321
"8,8",4,16,False,False,split,0.0004551661356395084,0.15656746918613526,0.15656746918613526,-0.21106310899491437,-0.4562863658620264,-0.9125727317240528,0.15656746918613526,-0.21106310899491437,-0.4562863658620264,-0.9125727317240528,0.15656746918613526
"8,8",5,16,False,False,split,0.0004551661356395084,0.22831820480547468,0.22831820480547468,-0.16719266083547535,-0.44951958147690646,-0.8990391629538129,0.22831820480547468,-0.16719266083547535,-0.44951958147690646,-0.8990391629538129,0.22831820480547468
"8,8",6,16,False,False,split,0.0004551661356395084,0.3255333973851647,0.3255333973851647,-0.15369901583000453,-0.43092650272911664,-0.8618530054582333,0.3255333973851647,-0.15369901583000453,-0.43092650272911664,-0.8618530054582333,0.3255333973851647
"8,8",7,16,False,False,split,0.0004551661356395084,0.21152959698650545,0.21152959698650545,-0.47537518327693334,-0.4147788310685395,-0.829557662137079,0.21152959698650545,-0.47537518327693334,-0.4147788310685395,-0.829557662137079,0.21152959698650545
"8,8",8,16,False,False,split,0.0004551661356395084,-0.08758232760952332,-0.08758232760952332,-0.5105175154976173,-0.45844044164667425,-0.9168808832933485,-0.08758232760952332,-0.5105175154976173,-0.45844044164667425,-0.9168808832933485,-0.08758232760952332
"8,8",9,16,False,False,split,0.0004551661356395084,-0.4053995744566174,-0.4053995744566174,-0.5431496811311094,-0.5093221394073253,-1.0186442788146506,-0.4053995744566174,-0.5431496811311094,-0.5093221394073253,-1.0186442788146506,-0.4053995744566174
"8,8",10,16,False,False,split,0.0018206645425580337,-0.5287578059947013,-0.4894876231609264,-0.5757818467646016,-0.5752243196440802,-1.0735255623650835,-0.5287578059947013,-0.5404303339949851,-0.5398263462810868,-1.0796526925621737,-0.4894876231609264
"8,9",1,17,False,False,stand,0.0009103322712790169,-0.6386385596117411,-0.4780334749947371,-0.6386385596117411,-0.6935153322808956,-1.0793383568694834,,-0.4780334749947371,-0.5572999244057381,-1.1145998488114761,
"8,9",2,17,False,False,stand,0.0009103322712790169,-0.15297458768154204,-0.15297458768154204,-0.15297458768154204,-0.5361507939267418,-1.0723015878534836,,-0.15297458768154204,-0.5361507939267418,-1.0723015878534836,
"8,9",3,17,False,False,stand,0.0009103322712790169,-0.11721624142457363,-0.11721624142457363,-0.11721624142457363,-0.5316741953082845,-1.063348390616569,,-0.11721624142457363,-0.5316741953082845,-1.063348390616569,
"8,9",4,17,False,False,stand,0.0009103322712790169,-0.08057337314531614,-0.08057337314531614,-0.08057337314531614,-0.5270114910046944,-1.0540229820093887,,-0.08057337314531614,-0.5270114910046944,-1.0540229820093887,
"8,9",5,17,False,False,stand,0.0009103322712790169,-0.04494137556492456,-0.04494137556492456,-0.04494137556492456,-0.5229856295103738,-1.0459712590207475,,-0.04494137556492456,-0.5229856295103738,-1.0459712590207475,
"8,9",6,17,False,False,stand,0.0009103322712790169,0.011739160673341858,0.011739160673341858,0.011739160673341858,-0.5087525920116813,-1.0175051840233627,,0.011739160673341858,-0.5087525920116813,-1.0175051840233627,
"8,9",7,17,False,False,stand,0.0009103322712790169,-0.10680898948269474,-0.10680898948269474,-0.10680898948269474,-0.483485831877563,-0.966971663755126,,-0.10680898948269474,-0.483485831877563,-0.966971663755126,
"8,9",8,17,False,False,stand,0.0009103322712790169,-0.3819509710484473,-0.3819509710484473,-0.3819509710484473,-0.5059826746429475,-1.011965349285895,,-0.3819509710484473,-0.5059826746429475,-1.011965349285895,
"8,9",9,17,False,False,stand,0.0009103322712790169,-0.4231542396452174,-0.4231542396452174,-0.4231542396452174,-0.5536948902038471,-1.1073897804076942,,-0.4231542396452174,-0.5536948902038471,-1.1073897804076942,
"8,9",10,17,False,False,stand,0.0036413290851160674,-0.4643575082419876,-0.4197206339288199,-0.4643575082419876,-0.6164275882408504,-1.1559320995586237,,-0.4197206339288199,-0.5844632205942546,-1.1689264411885092,
"8,10",1,18,False,False,stand,0.0036413290851160674,-0.3770607600399012,-0.10019887561319059,-0.3770607600399012,-0.7414337353547493,-1.175175163017191,,-0.10019887561319059,-0.6265153955124156,-1.2530307910248313,
"8,10",2,18,False,False,stand,0.0036413290851160674,0.12174190222088768,0.12174190222088768,0.12174190222088768,-0.6224386325591178,-1.2448772651182356,,0.12174190222088768,-0.6224386325591178,-1.2448772651182356,
"8,10",3,18,False,False,stand,0.0036413290851160674,0.14830007284131116,0.14830007284131116,0.14830007284131116,-0.6200049701422314,-1.2400099402844629,,0.14830007284131116,-0.6200049701422314,-1.2400099402844629,
"8,10",4,18,False,False,stand,0.0036413290851160674,0.17585443719748522,0.17585443719748522,0.17585443719748522,-0.6174618323275779,-1.2349236646551558,,0.17585443719748522,-0.6174618323275779,-1.2349236646551558,
"8,10",5,18,False,False,stand,0.0036413290851160674,0.19956119497617703,0.19956119497617703,0.19956119497617703,-0.6152595675854643,-1.2305191351709286,,0.19956119497617703,-0.6152595675854643,-1.2305191351709286,
"8,10",6,18,False,False,stand,0.0036413290851160674,0.2834439160468985,0.2834439160468985,0.2834439160468985,-0.607479047092212,-1.214958094184424,,0.2834439160468985,-0.607479047092212,-1.214958094184424,
"8,10",7,18,False,False,stand,0.0036413290851160674,0.39955416733655175,0.39955416733655175,0.39955416733655175,-0.5911438447496055,-1.182287689499211,,0.39955416733655175,-0.5911438447496055,-1.182287689499211,
"8,10",8,18,False,False,stand,0.0036413290851160674,0.10595134861912354,0.10595134861912354,0.10595134861912354,-0.5910558553059571,-1.1821117106119141,,0.10595134861912354,-0.5910558553059571,-1.1821117106119141,
"8,10",9,18,False,False,stand,0.0036413290851160674,-0.18316335667343342,-0.18316335667343342,-0.18316335667343342,-0.6165284781520445,-1.233056956304089,,-0.18316335667343342,-0.6165284781520445,-1.233056956304089,
"8,10",10,18,False,False,stand,0.01456531634046427,-0.2415088311967596,-0.17830123379648957,-0.2415088311967596,-0.6747730627641766,-1.2726230486052763,,-0.17830123379648957,-0.6476708179945246,-1.2953416359890493,
"9,9",1,18,False,False,stand,0.0004551661356395084,-0.3770607600399012,-0.10019887561319059,-0.3770607600399012,-0.7414337353547493,-1.175175163017191,-0.39863492446193777,-0.10019887561319059,-0.6265153955124156,-1.2530307910248313,-0.13136155755613238
"9,9",2,18,False,False,split,0.0004551661356395084,0.18462902498065623,0.18462902498065623,0.12174190222088768,-0.6224386325591178,-1.2448772651182356,0.18462902498065623,0.12174190222088768,-0.6224386325591178,-1.2448772651182356,0.18462902498065623
"9,9",3,18,False,False,split,0.0004551661356395084,0.24214017052931303,0.24214017052931303,0.14830007284131116,-0.6200049701422314,-1.2400099402844629,0.24214017052931303,0.14830007284131116,-0.6200049701422314,-1.2400099402844629,0.24214017052931303
"9,9",4,18,False,False,split,0.0004551661356395084,0.30150334319286626,0.30150334319286626,0.17585443719748522,-0.6174618323275779,-1.2349236646551558,0.30150334319286626,0.17585443719748522,-0.6174618323275779,-1.2349236646551558,0.30150334319286626
"9,9",5,18,False,False,split,0.0004551661356395084,0.3633482523721904,0.3633482523721904,0.19956119497617703,-0.6152595675854643,-1.2305191351709286,0.3633482523721904,0.19956119497617703,-0.6152595675854643,-1.2305191351709286,0.3633482523721904
"9,9",6,18,False,False,split,0.0004551661356395084,0.44337460889206276,0.44337460889206276,0.2834439160468985,-0.607479047092212,-1.214958094184424,0.44337460889206276,0.2834439160468985,-0.607479047092212,-1.214958094184424,0.44337460889206276
"9,9",7,18,False,False,stand,0.0004551661356395084,0.39955416733655175,0.39955416733655175,0.39955416733655175,-0.5911438447496055,-1.182287689499211,0.37000371337194793,0.39955416733655175,-0.5911438447496055,-1.182287689499211,0.37000371337194793
"9,9",8,18,False,False,split,0.0004551661356395084,0.21532327264714238,0.21532327264714238,0.10595134861912354,-0.5910558553059571,-1.1821117106119141,0.21532327264714238,0.10595134861912354,-0.5910558553059571,-1.1821117106119141,0.21532327264714238
"9,9",9,18,False,False,split,0.0004551661356395084,-0.09365975235648363,-0.09365975235648363,-0.18316335667343342,-0.6165284781520445,-1.233056956304089,-0.09365975235648363,-0.18316335667343342,-0.6165284781520445,-1.233056956304089,-0.09365975235648363
"9,9",10,18,False,False,stand,0.0018206645425580337,-0.2415088311967596,-0.17830123379648957,-0.2415088311967596,-0.6747730627641766,-1.2726230486052763,-0.3507477832030856,-0.17830123379648957,-0.6476708179945246,-1.2953416359890493,-0.29664343180334274
"9,10",1,19,False,False,stand,0.0036413290851160674,-0.11548296046806128,0.27763572376835594,-0.11548296046806128,-0.8094735076264369,-1.311254707560566,,0.27763572376835594,-0.7247950665715199,-1.4495901331430399,
"9,10",2,19,False,False,stand,0.0036413290851160674,0.3863046860205899,0.3863046860205899,0.3863046860205899,-0.7290774545607016,-1.4581549091214032,,0.3863046860205899,-0.7290774545607016,-1.4581549091214032,
"9,10",3,19,False,False,stand,0.0036413290851160674,0.40436293659776,0.40436293659776,0.40436293659776,-0.7280328883420591,-1.4560657766841183,,0.40436293659776,-0.7280328883420591,-1.4560657766841183,
"9,10",4,19,False,False,stand,0.0036413290851160674,0.4231789248274964,0.4231789248274964,0.4231789248274964,-0.7269371342373853,-1.4538742684747705,,0.4231789248274964,-0.7269371342373853,-1.4538742684747705,
"9,10",5,19,False,False,stand,0.0036413290851160674,0.43951210416088354,0.43951210416088354,0.43951210416088354,-0.7259912679055323,-1.4519825358110645,,0.43951210416088354,-0.7259912679055323,-1.4519825358110645,
"9,10",6,19,False,False,stand,0.0036413290851160674,0.4959770737873191,0.4959770737873191,0.4959770737873191,-0.7225542066143135,-1.445108413228627,,0.4959770737873191,-0.7225542066143135,-1.445108413228627,
"9,10",7,19,False,False,stand,0.0036413290851160674,0.6159764957534314,0.6159764957534314,0.6159764957534314,-0.7154497290383309,-1.4308994580766619,,0.6159764957534314,-0.7154497290383309,-1.4308994580766619,
"9,10",8,19,False,False,stand,0.0036413290851160674,0.5938536682866943,0.5938536682866943,0.5938536682866943,-0.7136599836357027,-1.4273199672714054,,0.5938536682866943,-0.7136599836357027,-1.4273199672714054,
"9,10",9,19,False,False,stand,0.0036413290851160674,0.28759675706758137,0.28759675706758137,0.28759675706758137,-0.7155743825418585,-1.431148765083717,,0.28759675706758137,-0.7155743825418585,-1.431148765083717,
"9,10",10,19,False,False,stand,0.01456531634046427,-0.01866015415153158,0.06311816633584079,-0.01866015415153158,-0.7502607432140588,-1.4235984095050405,,0.06311816633584079,-0.729449138481897,-1.458898276963794,
"10,10",1,20,False,False,stand,0.007282658170232135,0.14609483910377863,0.6554703231499024,0.14609483910377863,-0.8976346490959584,-1.487576990499609,-0.19491578899884873,0.6554703231499024,-0.8521389375830509,-1.7042778751661019,0.16289941589055182
"10,10",2,20,False,False,stand,0.007282658170232135,0.6399865752168388,0.6399865752168388,0.6399865752168388,-0.85523026803892,-1.71046053607784,0.36499998801808975,0.6399865752168388,-0.85523026803892,-1.71046053607784,0.36499998801808975
"10,10",3,20,False,False,stand,0.007282658170232135,0.6502720942514814,0.6502720942514814,0.6502720942514814,-0.8549768955921732,-1.7099537911843463,0.41217595162788173,0.6502720942514814,-0.8549768955921732,-1.7099537911843463,0.41217595162788173
"10,10",4,20,False,False,stand,0.007282658170232135,0.6610499619480716,0.6610499619480716,0.6610499619480716,-0.8547102082333908,-1.7094204164667817,0.46094024379435383,0.6610499619480716,-0.8547102082333908,-1.7094204164667817,0.46094024379435383
"10,10",5,20,False,False,stand,0.007282658170232135,0.6703596906327999,0.6703596906327999,0.6703596906327999,-0.8544804748772862,-1.7089609497545724,0.5125171090032675,0.6703596906327999,-0.8544804748772862,-1.7089609497545724,0.5125171090032675
"10,10",6,20,False,False,stand,0.007282658170232135,0.7039585701713446,0.7039585701713446,0.7039585701713446,-0.85362794278134,-1.70725588556268,0.5755901685977685,0.7039585701713446,-0.85362794278134,-1.70725588556268,0.5755901685977685
"10,10",7,20,False,False,stand,0.007282658170232135,0.7732272265371749,0.7732272265371749,0.7732272265371749,-0.8518518233873443,-1.7037036467746887,0.513817488672173,0.7732272265371749,-0.8518518233873443,-1.7037036467746887,0.513817488672173
"10,10",8,20,False,False,stand,0.007282658170232135,0.7918151595518983,0.7918151595518983,0.7918151595518983,-0.8514919189858488,-1.7029838379716975,0.39590741666395207,0.7918151595518983,-0.8514919189858488,-1.7029838379716975,0.39590741666395207
"10,10",9,20,False,False,stand,0.007282658170232135,0.7583568708085962,0.7583568708085962,0.7583568708085962,-0.8508326033732889,-1.7016652067465778,0.23305918213856772,0.7583568708085962,-0.8508326033732889,-1.7016652067465778,0.23305918213856772
"10,10",10,20,False,False,stand,0.02913063268092854,0.4349577536629272,0.5545375664681711,0.4349577536629272,-0.8606421088804378,-1.6443611408377985,-0.030199649770705047,0.5545375664681711,-0.849028951287141,-1.698057902574282,0.0506170460817362
